week,age_group,sexe,total_cases,positivity_rate,severe_rate,travel_related_rate,median_ct
2024-01-08/2024-01-14,0-4,F,1,1.0,0.0,1.0,
2024-01-08/2024-01-14,0-4,H,0,,,,
2024-01-08/2024-01-14,5-17,F,1,1.0,0.0,0.0,
2024-01-08/2024-01-14,5-17,H,1,1.0,0.0,0.0,
2024-01-08/2024-01-14,18-29,F,3,1.0,0.0,0.0,31.5
2024-01-08/2024-01-14,18-29,H,1,1.0,0.0,0.0,19.48
2024-01-08/2024-01-14,30-44,F,2,1.0,0.0,0.5,22.45
2024-01-08/2024-01-14,30-44,H,0,,,,
2024-01-08/2024-01-14,45-59,F,2,1.0,0.0,0.5,21.645
2024-01-08/2024-01-14,45-59,H,0,,,,
2024-01-08/2024-01-14,60+,F,0,,,,
2024-01-08/2024-01-14,60+,H,0,,,,
2024-01-08/2024-01-14,Unknown,F,0,,,,
2024-01-08/2024-01-14,Unknown,H,0,,,,
2024-01-15/2024-01-21,0-4,F,0,,,,
2024-01-15/2024-01-21,0-4,H,0,,,,
2024-01-15/2024-01-21,5-17,F,0,,,,
2024-01-15/2024-01-21,5-17,H,1,1.0,0.0,0.0,26.56
2024-01-15/2024-01-21,18-29,F,3,1.0,0.3333333333333333,0.0,22.51
2024-01-15/2024-01-21,18-29,H,3,1.0,0.3333333333333333,0.6666666666666666,20.1
2024-01-15/2024-01-21,30-44,F,5,1.0,0.0,0.4,20.32
2024-01-15/2024-01-21,30-44,H,0,,,,
2024-01-15/2024-01-21,45-59,F,0,,,,
2024-01-15/2024-01-21,45-59,H,0,,,,
2024-01-15/2024-01-21,60+,F,0,,,,
2024-01-15/2024-01-21,60+,H,0,,,,
2024-01-15/2024-01-21,Unknown,F,0,,,,
2024-01-15/2024-01-21,Unknown,H,0,,,,
2024-01-22/2024-01-28,0-4,F,0,,,,
2024-01-22/2024-01-28,0-4,H,0,,,,
2024-01-22/2024-01-28,5-17,F,0,,,,
2024-01-22/2024-01-28,5-17,H,0,,,,
2024-01-22/2024-01-28,18-29,F,0,,,,
2024-01-22/2024-01-28,18-29,H,2,1.0,0.0,0.0,27.13
2024-01-22/2024-01-28,30-44,F,2,1.0,0.0,0.0,22.92
2024-01-22/2024-01-28,30-44,H,0,,,,
2024-01-22/2024-01-28,45-59,F,0,,,,
2024-01-22/2024-01-28,45-59,H,0,,,,
2024-01-22/2024-01-28,60+,F,1,1.0,0.0,1.0,22.96
2024-01-22/2024-01-28,60+,H,0,,,,
2024-01-22/2024-01-28,Unknown,F,0,,,,
2024-01-22/2024-01-28,Unknown,H,0,,,,
2024-01-29/2024-02-04,0-4,F,0,,,,
2024-01-29/2024-02-04,0-4,H,0,,,,
2024-01-29/2024-02-04,5-17,F,1,1.0,0.0,0.0,
2024-01-29/2024-02-04,5-17,H,0,,,,
2024-01-29/2024-02-04,18-29,F,3,1.0,0.0,0.3333333333333333,38.055
2024-01-29/2024-02-04,18-29,H,1,1.0,0.0,1.0,29.82
2024-01-29/2024-02-04,30-44,F,2,1.0,0.0,0.5,26.805
2024-01-29/2024-02-04,30-44,H,2,1.0,0.0,0.0,29.99
2024-01-29/2024-02-04,45-59,F,0,,,,
2024-01-29/2024-02-04,45-59,H,0,,,,
2024-01-29/2024-02-04,60+,F,0,,,,
2024-01-29/2024-02-04,60+,H,0,,,,
2024-01-29/2024-02-04,Unknown,F,0,,,,
2024-01-29/2024-02-04,Unknown,H,0,,,,
2024-02-05/2024-02-11,0-4,F,0,,,,
2024-02-05/2024-02-11,0-4,H,0,,,,
2024-02-05/2024-02-11,5-17,F,1,1.0,1.0,0.0,
2024-02-05/2024-02-11,5-17,H,0,,,,
2024-02-05/2024-02-11,18-29,F,1,1.0,0.0,0.0,
2024-02-05/2024-02-11,18-29,H,2,1.0,0.5,0.0,23.439999999999998
2024-02-05/2024-02-11,30-44,F,1,1.0,0.0,0.0,24.76
2024-02-05/2024-02-11,30-44,H,0,,,,
2024-02-05/2024-02-11,45-59,F,0,,,,
2024-02-05/2024-02-11,45-59,H,1,1.0,0.0,1.0,
2024-02-05/2024-02-11,60+,F,0,,,,
2024-02-05/2024-02-11,60+,H,0,,,,
2024-02-05/2024-02-11,Unknown,F,0,,,,
2024-02-05/2024-02-11,Unknown,H,0,,,,
2024-02-12/2024-02-18,0-4,F,0,,,,
2024-02-12/2024-02-18,0-4,H,0,,,,
2024-02-12/2024-02-18,5-17,F,1,1.0,0.0,0.0,
2024-02-12/2024-02-18,5-17,H,0,,,,
2024-02-12/2024-02-18,18-29,F,1,1.0,0.0,1.0,
2024-02-12/2024-02-18,18-29,H,1,1.0,0.0,1.0,18.42
2024-02-12/2024-02-18,30-44,F,3,1.0,0.3333333333333333,0.0,28.33
2024-02-12/2024-02-18,30-44,H,3,1.0,0.3333333333333333,0.0,28.73
2024-02-12/2024-02-18,45-59,F,1,1.0,0.0,1.0,34.59
2024-02-12/2024-02-18,45-59,H,1,1.0,0.0,1.0,25.67
2024-02-12/2024-02-18,60+,F,0,,,,
2024-02-12/2024-02-18,60+,H,0,,,,
2024-02-12/2024-02-18,Unknown,F,0,,,,
2024-02-12/2024-02-18,Unknown,H,0,,,,
2024-02-19/2024-02-25,0-4,F,0,,,,
2024-02-19/2024-02-25,0-4,H,0,,,,
2024-02-19/2024-02-25,5-17,F,0,,,,
2024-02-19/2024-02-25,5-17,H,0,,,,
2024-02-19/2024-02-25,18-29,F,3,1.0,0.0,0.0,25.810000000000002
2024-02-19/2024-02-25,18-29,H,1,1.0,0.0,0.0,
2024-02-19/2024-02-25,30-44,F,1,1.0,0.0,0.0,
2024-02-19/2024-02-25,30-44,H,3,1.0,0.6666666666666666,0.3333333333333333,25.88
2024-02-19/2024-02-25,45-59,F,1,1.0,0.0,0.0,27.58
2024-02-19/2024-02-25,45-59,H,1,1.0,1.0,0.0,22.01
2024-02-19/2024-02-25,60+,F,0,,,,
2024-02-19/2024-02-25,60+,H,0,,,,
2024-02-19/2024-02-25,Unknown,F,0,,,,
2024-02-19/2024-02-25,Unknown,H,0,,,,
2024-02-26/2024-03-03,0-4,F,0,,,,
2024-02-26/2024-03-03,0-4,H,0,,,,
2024-02-26/2024-03-03,5-17,F,0,,,,
2024-02-26/2024-03-03,5-17,H,0,,,,
2024-02-26/2024-03-03,18-29,F,1,1.0,0.0,1.0,
2024-02-26/2024-03-03,18-29,H,1,1.0,0.0,0.0,
2024-02-26/2024-03-03,30-44,F,3,1.0,0.0,0.3333333333333333,31.04
2024-02-26/2024-03-03,30-44,H,2,1.0,0.0,0.5,25.25
2024-02-26/2024-03-03,45-59,F,0,,,,
2024-02-26/2024-03-03,45-59,H,0,,,,
2024-02-26/2024-03-03,60+,F,0,,,,
2024-02-26/2024-03-03,60+,H,0,,,,
2024-02-26/2024-03-03,Unknown,F,0,,,,
2024-02-26/2024-03-03,Unknown,H,0,,,,
2024-03-04/2024-03-10,0-4,F,1,1.0,0.0,1.0,23.2
2024-03-04/2024-03-10,0-4,H,0,,,,
2024-03-04/2024-03-10,5-17,F,0,,,,
2024-03-04/2024-03-10,5-17,H,1,1.0,0.0,0.0,
2024-03-04/2024-03-10,18-29,F,2,1.0,0.5,0.0,27.775
2024-03-04/2024-03-10,18-29,H,1,1.0,0.0,0.0,
2024-03-04/2024-03-10,30-44,F,5,1.0,0.4,0.0,25.98
2024-03-04/2024-03-10,30-44,H,1,1.0,0.0,0.0,25.67
2024-03-04/2024-03-10,45-59,F,0,,,,
2024-03-04/2024-03-10,45-59,H,2,1.0,0.5,0.0,25.645000000000003
2024-03-04/2024-03-10,60+,F,0,,,,
2024-03-04/2024-03-10,60+,H,0,,,,
2024-03-04/2024-03-10,Unknown,F,0,,,,
2024-03-04/2024-03-10,Unknown,H,0,,,,
2024-03-11/2024-03-17,0-4,F,0,,,,
2024-03-11/2024-03-17,0-4,H,0,,,,
2024-03-11/2024-03-17,5-17,F,2,1.0,1.0,1.0,28.88
2024-03-11/2024-03-17,5-17,H,1,1.0,0.0,0.0,
2024-03-11/2024-03-17,18-29,F,4,1.0,0.0,0.5,23.01
2024-03-11/2024-03-17,18-29,H,0,,,,
2024-03-11/2024-03-17,30-44,F,3,1.0,0.3333333333333333,0.0,27.409999999999997
2024-03-11/2024-03-17,30-44,H,2,1.0,0.0,0.5,29.115000000000002
2024-03-11/2024-03-17,45-59,F,0,,,,
2024-03-11/2024-03-17,45-59,H,2,1.0,0.0,0.0,22.104999999999997
2024-03-11/2024-03-17,60+,F,0,,,,
2024-03-11/2024-03-17,60+,H,0,,,,
2024-03-11/2024-03-17,Unknown,F,0,,,,
2024-03-11/2024-03-17,Unknown,H,0,,,,
2024-03-18/2024-03-24,0-4,F,0,,,,
2024-03-18/2024-03-24,0-4,H,0,,,,
2024-03-18/2024-03-24,5-17,F,1,1.0,0.0,0.0,
2024-03-18/2024-03-24,5-17,H,2,1.0,0.0,0.0,24.805
2024-03-18/2024-03-24,18-29,F,1,1.0,0.0,0.0,
2024-03-18/2024-03-24,18-29,H,0,,,,
2024-03-18/2024-03-24,30-44,F,0,,,,
2024-03-18/2024-03-24,30-44,H,3,1.0,0.0,0.3333333333333333,24.155
2024-03-18/2024-03-24,45-59,F,1,1.0,0.0,0.0,
2024-03-18/2024-03-24,45-59,H,0,,,,
2024-03-18/2024-03-24,60+,F,0,,,,
2024-03-18/2024-03-24,60+,H,0,,,,
2024-03-18/2024-03-24,Unknown,F,0,,,,
2024-03-18/2024-03-24,Unknown,H,0,,,,
2024-03-25/2024-03-31,0-4,F,0,,,,
2024-03-25/2024-03-31,0-4,H,0,,,,
2024-03-25/2024-03-31,5-17,F,1,1.0,0.0,0.0,24.02
2024-03-25/2024-03-31,5-17,H,1,1.0,0.0,1.0,
2024-03-25/2024-03-31,18-29,F,3,1.0,0.3333333333333333,0.3333333333333333,19.08
2024-03-25/2024-03-31,18-29,H,4,1.0,0.5,0.25,26.009999999999998
2024-03-25/2024-03-31,30-44,F,3,1.0,0.6666666666666666,0.0,23.46
2024-03-25/2024-03-31,30-44,H,2,1.0,0.5,0.0,29.98
2024-03-25/2024-03-31,45-59,F,0,,,,
2024-03-25/2024-03-31,45-59,H,0,,,,
2024-03-25/2024-03-31,60+,F,0,,,,
2024-03-25/2024-03-31,60+,H,0,,,,
2024-03-25/2024-03-31,Unknown,F,0,,,,
2024-03-25/2024-03-31,Unknown,H,0,,,,
2024-04-01/2024-04-07,0-4,F,0,,,,
2024-04-01/2024-04-07,0-4,H,0,,,,
2024-04-01/2024-04-07,5-17,F,2,1.0,0.0,0.0,25.05
2024-04-01/2024-04-07,5-17,H,0,,,,
2024-04-01/2024-04-07,18-29,F,0,,,,
2024-04-01/2024-04-07,18-29,H,0,,,,
2024-04-01/2024-04-07,30-44,F,2,1.0,0.0,0.5,21.98
2024-04-01/2024-04-07,30-44,H,3,1.0,0.0,0.0,29.93
2024-04-01/2024-04-07,45-59,F,2,1.0,0.0,0.5,23.16
2024-04-01/2024-04-07,45-59,H,0,,,,
2024-04-01/2024-04-07,60+,F,0,,,,
2024-04-01/2024-04-07,60+,H,0,,,,
2024-04-01/2024-04-07,Unknown,F,0,,,,
2024-04-01/2024-04-07,Unknown,H,0,,,,
2024-04-08/2024-04-14,0-4,F,0,,,,
2024-04-08/2024-04-14,0-4,H,0,,,,
2024-04-08/2024-04-14,5-17,F,0,,,,
2024-04-08/2024-04-14,5-17,H,1,1.0,0.0,0.0,
2024-04-08/2024-04-14,18-29,F,1,1.0,0.0,1.0,23.03
2024-04-08/2024-04-14,18-29,H,2,1.0,0.5,0.5,22.939999999999998
2024-04-08/2024-04-14,30-44,F,2,1.0,0.0,0.5,25.74
2024-04-08/2024-04-14,30-44,H,2,1.0,0.0,0.5,27.39
2024-04-08/2024-04-14,45-59,F,2,1.0,0.0,0.5,27.28
2024-04-08/2024-04-14,45-59,H,1,1.0,0.0,0.0,26.76
2024-04-08/2024-04-14,60+,F,0,,,,
2024-04-08/2024-04-14,60+,H,0,,,,
2024-04-08/2024-04-14,Unknown,F,0,,,,
2024-04-08/2024-04-14,Unknown,H,0,,,,
2024-04-15/2024-04-21,0-4,F,0,,,,
2024-04-15/2024-04-21,0-4,H,0,,,,
2024-04-15/2024-04-21,5-17,F,0,,,,
2024-04-15/2024-04-21,5-17,H,0,,,,
2024-04-15/2024-04-21,18-29,F,2,1.0,0.0,0.5,24.75
2024-04-15/2024-04-21,18-29,H,2,1.0,0.0,0.0,23.04
2024-04-15/2024-04-21,30-44,F,3,1.0,0.0,0.0,
2024-04-15/2024-04-21,30-44,H,1,1.0,1.0,0.0,35.08
2024-04-15/2024-04-21,45-59,F,0,,,,
2024-04-15/2024-04-21,45-59,H,3,1.0,0.3333333333333333,0.0,25.494999999999997
2024-04-15/2024-04-21,60+,F,0,,,,
2024-04-15/2024-04-21,60+,H,0,,,,
2024-04-15/2024-04-21,Unknown,F,0,,,,
2024-04-15/2024-04-21,Unknown,H,0,,,,
2024-04-22/2024-04-28,0-4,F,0,,,,
2024-04-22/2024-04-28,0-4,H,0,,,,
2024-04-22/2024-04-28,5-17,F,1,1.0,0.0,0.0,21.53
2024-04-22/2024-04-28,5-17,H,1,1.0,0.0,1.0,
2024-04-22/2024-04-28,18-29,F,2,1.0,0.0,0.0,29.375
2024-04-22/2024-04-28,18-29,H,3,1.0,0.0,0.3333333333333333,26.46
2024-04-22/2024-04-28,30-44,F,4,1.0,0.0,0.25,25.87
2024-04-22/2024-04-28,30-44,H,2,1.0,1.0,0.0,30.325000000000003
2024-04-22/2024-04-28,45-59,F,1,1.0,0.0,0.0,22.96
2024-04-22/2024-04-28,45-59,H,1,1.0,0.0,0.0,29.26
2024-04-22/2024-04-28,60+,F,0,,,,
2024-04-22/2024-04-28,60+,H,0,,,,
2024-04-22/2024-04-28,Unknown,F,0,,,,
2024-04-22/2024-04-28,Unknown,H,0,,,,
2024-04-29/2024-05-05,0-4,F,0,,,,
2024-04-29/2024-05-05,0-4,H,0,,,,
2024-04-29/2024-05-05,5-17,F,0,,,,
2024-04-29/2024-05-05,5-17,H,0,,,,
2024-04-29/2024-05-05,18-29,F,2,1.0,0.5,0.0,21.26
2024-04-29/2024-05-05,18-29,H,4,1.0,0.25,0.0,27.990000000000002
2024-04-29/2024-05-05,30-44,F,1,1.0,0.0,1.0,25.23
2024-04-29/2024-05-05,30-44,H,2,1.0,0.0,1.0,26.26
2024-04-29/2024-05-05,45-59,F,0,,,,
2024-04-29/2024-05-05,45-59,H,1,1.0,0.0,0.0,
2024-04-29/2024-05-05,60+,F,0,,,,
2024-04-29/2024-05-05,60+,H,0,,,,
2024-04-29/2024-05-05,Unknown,F,0,,,,
2024-04-29/2024-05-05,Unknown,H,0,,,,
2024-05-06/2024-05-12,0-4,F,0,,,,
2024-05-06/2024-05-12,0-4,H,0,,,,
2024-05-06/2024-05-12,5-17,F,1,1.0,0.0,0.0,
2024-05-06/2024-05-12,5-17,H,0,,,,
2024-05-06/2024-05-12,18-29,F,2,1.0,0.5,0.0,28.415
2024-05-06/2024-05-12,18-29,H,5,1.0,0.2,0.0,27.47
2024-05-06/2024-05-12,30-44,F,1,1.0,0.0,1.0,21.21
2024-05-06/2024-05-12,30-44,H,4,1.0,0.0,0.5,24.46
2024-05-06/2024-05-12,45-59,F,1,1.0,0.0,1.0,27.56
2024-05-06/2024-05-12,45-59,H,1,1.0,0.0,0.0,
2024-05-06/2024-05-12,60+,F,1,1.0,0.0,0.0,
2024-05-06/2024-05-12,60+,H,0,,,,
2024-05-06/2024-05-12,Unknown,F,0,,,,
2024-05-06/2024-05-12,Unknown,H,0,,,,
2024-05-13/2024-05-19,0-4,F,0,,,,
2024-05-13/2024-05-19,0-4,H,0,,,,
2024-05-13/2024-05-19,5-17,F,1,1.0,0.0,0.0,32.67
2024-05-13/2024-05-19,5-17,H,0,,,,
2024-05-13/2024-05-19,18-29,F,3,1.0,0.0,0.3333333333333333,28.85
2024-05-13/2024-05-19,18-29,H,0,,,,
2024-05-13/2024-05-19,30-44,F,4,1.0,0.25,0.25,24.93
2024-05-13/2024-05-19,30-44,H,4,1.0,0.0,0.0,24.61
2024-05-13/2024-05-19,45-59,F,0,,,,
2024-05-13/2024-05-19,45-59,H,0,,,,
2024-05-13/2024-05-19,60+,F,0,,,,
2024-05-13/2024-05-19,60+,H,0,,,,
2024-05-13/2024-05-19,Unknown,F,0,,,,
2024-05-13/2024-05-19,Unknown,H,0,,,,
2024-05-20/2024-05-26,0-4,F,0,,,,
2024-05-20/2024-05-26,0-4,H,0,,,,
2024-05-20/2024-05-26,5-17,F,0,,,,
2024-05-20/2024-05-26,5-17,H,0,,,,
2024-05-20/2024-05-26,18-29,F,2,1.0,0.5,0.5,23.04
2024-05-20/2024-05-26,18-29,H,0,,,,
2024-05-20/2024-05-26,30-44,F,0,,,,
2024-05-20/2024-05-26,30-44,H,0,,,,
2024-05-20/2024-05-26,45-59,F,0,,,,
2024-05-20/2024-05-26,45-59,H,0,,,,
2024-05-20/2024-05-26,60+,F,0,,,,
2024-05-20/2024-05-26,60+,H,0,,,,
2024-05-20/2024-05-26,Unknown,F,0,,,,
2024-05-20/2024-05-26,Unknown,H,0,,,,
2024-05-27/2024-06-02,0-4,F,1,1.0,0.0,0.0,29.27
2024-05-27/2024-06-02,0-4,H,0,,,,
2024-05-27/2024-06-02,5-17,F,1,1.0,0.0,0.0,20.69
2024-05-27/2024-06-02,5-17,H,0,,,,
2024-05-27/2024-06-02,18-29,F,2,1.0,0.0,0.0,20.73
2024-05-27/2024-06-02,18-29,H,0,,,,
2024-05-27/2024-06-02,30-44,F,1,1.0,0.0,0.0,23.68
2024-05-27/2024-06-02,30-44,H,3,1.0,0.6666666666666666,0.3333333333333333,23.58
2024-05-27/2024-06-02,45-59,F,0,,,,
2024-05-27/2024-06-02,45-59,H,1,1.0,1.0,0.0,
2024-05-27/2024-06-02,60+,F,0,,,,
2024-05-27/2024-06-02,60+,H,0,,,,
2024-05-27/2024-06-02,Unknown,F,0,,,,
2024-05-27/2024-06-02,Unknown,H,0,,,,
2024-06-03/2024-06-09,0-4,F,0,,,,
2024-06-03/2024-06-09,0-4,H,0,,,,
2024-06-03/2024-06-09,5-17,F,0,,,,
2024-06-03/2024-06-09,5-17,H,0,,,,
2024-06-03/2024-06-09,18-29,F,2,1.0,0.5,0.0,23.915
2024-06-03/2024-06-09,18-29,H,1,1.0,0.0,0.0,18.11
2024-06-03/2024-06-09,30-44,F,2,1.0,0.0,0.5,22.66
2024-06-03/2024-06-09,30-44,H,1,1.0,0.0,0.0,23.18
2024-06-03/2024-06-09,45-59,F,0,,,,
2024-06-03/2024-06-09,45-59,H,0,,,,
2024-06-03/2024-06-09,60+,F,0,,,,
2024-06-03/2024-06-09,60+,H,0,,,,
2024-06-03/2024-06-09,Unknown,F,0,,,,
2024-06-03/2024-06-09,Unknown,H,0,,,,
2024-06-10/2024-06-16,0-4,F,0,,,,
2024-06-10/2024-06-16,0-4,H,0,,,,
2024-06-10/2024-06-16,5-17,F,1,1.0,0.0,0.0,20.57
2024-06-10/2024-06-16,5-17,H,0,,,,
2024-06-10/2024-06-16,18-29,F,2,1.0,0.0,0.5,33.05
2024-06-10/2024-06-16,18-29,H,2,1.0,0.5,0.0,23.63
2024-06-10/2024-06-16,30-44,F,2,1.0,0.5,0.5,20.72
2024-06-10/2024-06-16,30-44,H,3,1.0,0.0,0.3333333333333333,26.42
2024-06-10/2024-06-16,45-59,F,0,,,,
2024-06-10/2024-06-16,45-59,H,1,1.0,0.0,0.0,
2024-06-10/2024-06-16,60+,F,0,,,,
2024-06-10/2024-06-16,60+,H,0,,,,
2024-06-10/2024-06-16,Unknown,F,0,,,,
2024-06-10/2024-06-16,Unknown,H,0,,,,
2024-06-17/2024-06-23,0-4,F,1,1.0,0.0,0.0,28.83
2024-06-17/2024-06-23,0-4,H,0,,,,
2024-06-17/2024-06-23,5-17,F,2,1.0,0.0,0.0,
2024-06-17/2024-06-23,5-17,H,1,1.0,0.0,0.0,
2024-06-17/2024-06-23,18-29,F,2,1.0,0.0,0.0,23.03
2024-06-17/2024-06-23,18-29,H,1,1.0,0.0,0.0,18.64
2024-06-17/2024-06-23,30-44,F,3,1.0,0.0,1.0,26.575
2024-06-17/2024-06-23,30-44,H,0,,,,
2024-06-17/2024-06-23,45-59,F,0,,,,
2024-06-17/2024-06-23,45-59,H,1,1.0,0.0,1.0,21.54
2024-06-17/2024-06-23,60+,F,0,,,,
2024-06-17/2024-06-23,60+,H,0,,,,
2024-06-17/2024-06-23,Unknown,F,0,,,,
2024-06-17/2024-06-23,Unknown,H,0,,,,
2024-06-24/2024-06-30,0-4,F,0,,,,
2024-06-24/2024-06-30,0-4,H,0,,,,
2024-06-24/2024-06-30,5-17,F,0,,,,
2024-06-24/2024-06-30,5-17,H,0,,,,
2024-06-24/2024-06-30,18-29,F,2,1.0,0.5,0.0,28.28
2024-06-24/2024-06-30,18-29,H,1,1.0,0.0,0.0,
2024-06-24/2024-06-30,30-44,F,1,1.0,0.0,1.0,
2024-06-24/2024-06-30,30-44,H,2,1.0,0.5,0.0,31.34
2024-06-24/2024-06-30,45-59,F,0,,,,
2024-06-24/2024-06-30,45-59,H,0,,,,
2024-06-24/2024-06-30,60+,F,0,,,,
2024-06-24/2024-06-30,60+,H,0,,,,
2024-06-24/2024-06-30,Unknown,F,0,,,,
2024-06-24/2024-06-30,Unknown,H,0,,,,
2024-07-01/2024-07-07,0-4,F,0,,,,
2024-07-01/2024-07-07,0-4,H,0,,,,
2024-07-01/2024-07-07,5-17,F,1,1.0,0.0,0.0,32.73
2024-07-01/2024-07-07,5-17,H,1,1.0,1.0,0.0,
2024-07-01/2024-07-07,18-29,F,1,1.0,1.0,0.0,
2024-07-01/2024-07-07,18-29,H,1,1.0,0.0,0.0,23.14
2024-07-01/2024-07-07,30-44,F,0,,,,
2024-07-01/2024-07-07,30-44,H,2,1.0,0.5,0.0,
2024-07-01/2024-07-07,45-59,F,1,1.0,1.0,0.0,
2024-07-01/2024-07-07,45-59,H,0,,,,
2024-07-01/2024-07-07,60+,F,0,,,,
2024-07-01/2024-07-07,60+,H,0,,,,
2024-07-01/2024-07-07,Unknown,F,0,,,,
2024-07-01/2024-07-07,Unknown,H,0,,,,
2024-07-08/2024-07-14,0-4,F,0,,,,
2024-07-08/2024-07-14,0-4,H,0,,,,
2024-07-08/2024-07-14,5-17,F,0,,,,
2024-07-08/2024-07-14,5-17,H,0,,,,
2024-07-08/2024-07-14,18-29,F,1,1.0,0.0,0.0,28.66
2024-07-08/2024-07-14,18-29,H,2,1.0,0.0,0.5,21.28
2024-07-08/2024-07-14,30-44,F,1,1.0,0.0,0.0,
2024-07-08/2024-07-14,30-44,H,3,1.0,0.3333333333333333,0.3333333333333333,23.08
2024-07-08/2024-07-14,45-59,F,0,,,,
2024-07-08/2024-07-14,45-59,H,2,1.0,0.0,0.0,23.32
2024-07-08/2024-07-14,60+,F,0,,,,
2024-07-08/2024-07-14,60+,H,0,,,,
2024-07-08/2024-07-14,Unknown,F,0,,,,
2024-07-08/2024-07-14,Unknown,H,0,,,,
2024-07-15/2024-07-21,0-4,F,0,,,,
2024-07-15/2024-07-21,0-4,H,0,,,,
2024-07-15/2024-07-21,5-17,F,1,1.0,0.0,0.0,24.68
2024-07-15/2024-07-21,5-17,H,1,1.0,0.0,1.0,26.72
2024-07-15/2024-07-21,18-29,F,2,1.0,0.5,0.5,
2024-07-15/2024-07-21,18-29,H,3,1.0,0.6666666666666666,0.0,30.32
2024-07-15/2024-07-21,30-44,F,2,1.0,0.5,0.5,24.44
2024-07-15/2024-07-21,30-44,H,3,1.0,0.0,0.0,26.905
2024-07-15/2024-07-21,45-59,F,0,,,,
2024-07-15/2024-07-21,45-59,H,2,1.0,0.0,0.5,25.134999999999998
2024-07-15/2024-07-21,60+,F,0,,,,
2024-07-15/2024-07-21,60+,H,0,,,,
2024-07-15/2024-07-21,Unknown,F,0,,,,
2024-07-15/2024-07-21,Unknown,H,0,,,,
2024-07-22/2024-07-28,0-4,F,0,,,,
2024-07-22/2024-07-28,0-4,H,0,,,,
2024-07-22/2024-07-28,5-17,F,0,,,,
2024-07-22/2024-07-28,5-17,H,1,1.0,1.0,0.0,
2024-07-22/2024-07-28,18-29,F,1,1.0,0.0,1.0,28.69
2024-07-22/2024-07-28,18-29,H,2,1.0,0.5,0.0,26.295
2024-07-22/2024-07-28,30-44,F,1,1.0,0.0,1.0,
2024-07-22/2024-07-28,30-44,H,1,1.0,0.0,0.0,
2024-07-22/2024-07-28,45-59,F,0,,,,
2024-07-22/2024-07-28,45-59,H,2,1.0,0.0,0.5,25.055
2024-07-22/2024-07-28,60+,F,0,,,,
2024-07-22/2024-07-28,60+,H,0,,,,
2024-07-22/2024-07-28,Unknown,F,0,,,,
2024-07-22/2024-07-28,Unknown,H,0,,,,
2024-07-29/2024-08-04,0-4,F,0,,,,
2024-07-29/2024-08-04,0-4,H,0,,,,
2024-07-29/2024-08-04,5-17,F,0,,,,
2024-07-29/2024-08-04,5-17,H,0,,,,
2024-07-29/2024-08-04,18-29,F,0,,,,
2024-07-29/2024-08-04,18-29,H,0,,,,
2024-07-29/2024-08-04,30-44,F,1,1.0,0.0,0.0,
2024-07-29/2024-08-04,30-44,H,4,1.0,0.5,0.25,24.57
2024-07-29/2024-08-04,45-59,F,0,,,,
2024-07-29/2024-08-04,45-59,H,1,1.0,0.0,1.0,22.81
2024-07-29/2024-08-04,60+,F,0,,,,
2024-07-29/2024-08-04,60+,H,0,,,,
2024-07-29/2024-08-04,Unknown,F,0,,,,
2024-07-29/2024-08-04,Unknown,H,0,,,,
2024-08-05/2024-08-11,0-4,F,0,,,,
2024-08-05/2024-08-11,0-4,H,0,,,,
2024-08-05/2024-08-11,5-17,F,0,,,,
2024-08-05/2024-08-11,5-17,H,0,,,,
2024-08-05/2024-08-11,18-29,F,2,1.0,0.0,0.0,21.91
2024-08-05/2024-08-11,18-29,H,2,1.0,0.5,0.0,24.125
2024-08-05/2024-08-11,30-44,F,0,,,,
2024-08-05/2024-08-11,30-44,H,2,1.0,0.0,0.5,24.825
2024-08-05/2024-08-11,45-59,F,1,1.0,0.0,0.0,26.12
2024-08-05/2024-08-11,45-59,H,0,,,,
2024-08-05/2024-08-11,60+,F,0,,,,
2024-08-05/2024-08-11,60+,H,0,,,,
2024-08-05/2024-08-11,Unknown,F,0,,,,
2024-08-05/2024-08-11,Unknown,H,0,,,,
2024-08-12/2024-08-18,0-4,F,0,,,,
2024-08-12/2024-08-18,0-4,H,0,,,,
2024-08-12/2024-08-18,5-17,F,1,1.0,0.0,0.0,25.36
2024-08-12/2024-08-18,5-17,H,0,,,,
2024-08-12/2024-08-18,18-29,F,1,1.0,0.0,0.0,
2024-08-12/2024-08-18,18-29,H,1,1.0,1.0,0.0,
2024-08-12/2024-08-18,30-44,F,1,1.0,0.0,0.0,
2024-08-12/2024-08-18,30-44,H,4,1.0,0.0,0.25,24.78
2024-08-12/2024-08-18,45-59,F,1,1.0,0.0,0.0,31.81
2024-08-12/2024-08-18,45-59,H,0,,,,
2024-08-12/2024-08-18,60+,F,0,,,,
2024-08-12/2024-08-18,60+,H,0,,,,
2024-08-12/2024-08-18,Unknown,F,0,,,,
2024-08-12/2024-08-18,Unknown,H,0,,,,
2024-08-19/2024-08-25,0-4,F,0,,,,
2024-08-19/2024-08-25,0-4,H,0,,,,
2024-08-19/2024-08-25,5-17,F,0,,,,
2024-08-19/2024-08-25,5-17,H,1,1.0,0.0,0.0,
2024-08-19/2024-08-25,18-29,F,0,,,,
2024-08-19/2024-08-25,18-29,H,2,1.0,0.0,0.0,23.23
2024-08-19/2024-08-25,30-44,F,0,,,,
2024-08-19/2024-08-25,30-44,H,3,1.0,0.3333333333333333,0.6666666666666666,28.09
2024-08-19/2024-08-25,45-59,F,0,,,,
2024-08-19/2024-08-25,45-59,H,0,,,,
2024-08-19/2024-08-25,60+,F,0,,,,
2024-08-19/2024-08-25,60+,H,0,,,,
2024-08-19/2024-08-25,Unknown,F,0,,,,
2024-08-19/2024-08-25,Unknown,H,0,,,,
2024-08-26/2024-09-01,0-4,F,0,,,,
2024-08-26/2024-09-01,0-4,H,0,,,,
2024-08-26/2024-09-01,5-17,F,0,,,,
2024-08-26/2024-09-01,5-17,H,0,,,,
2024-08-26/2024-09-01,18-29,F,2,1.0,0.0,0.0,21.98
2024-08-26/2024-09-01,18-29,H,3,1.0,0.6666666666666666,0.0,29.294999999999998
2024-08-26/2024-09-01,30-44,F,0,,,,
2024-08-26/2024-09-01,30-44,H,3,1.0,0.0,0.6666666666666666,26.92
2024-08-26/2024-09-01,45-59,F,0,,,,
2024-08-26/2024-09-01,45-59,H,1,1.0,1.0,1.0,25.31
2024-08-26/2024-09-01,60+,F,0,,,,
2024-08-26/2024-09-01,60+,H,0,,,,
2024-08-26/2024-09-01,Unknown,F,0,,,,
2024-08-26/2024-09-01,Unknown,H,0,,,,
2024-09-02/2024-09-08,0-4,F,1,1.0,0.0,0.0,27.45
2024-09-02/2024-09-08,0-4,H,0,,,,
2024-09-02/2024-09-08,5-17,F,0,,,,
2024-09-02/2024-09-08,5-17,H,0,,,,
2024-09-02/2024-09-08,18-29,F,0,,,,
2024-09-02/2024-09-08,18-29,H,3,1.0,0.6666666666666666,0.3333333333333333,25.24
2024-09-02/2024-09-08,30-44,F,5,1.0,0.0,0.2,30.045
2024-09-02/2024-09-08,30-44,H,3,1.0,0.3333333333333333,0.6666666666666666,27.59
2024-09-02/2024-09-08,45-59,F,0,,,,
2024-09-02/2024-09-08,45-59,H,0,,,,
2024-09-02/2024-09-08,60+,F,0,,,,
2024-09-02/2024-09-08,60+,H,0,,,,
2024-09-02/2024-09-08,Unknown,F,0,,,,
2024-09-02/2024-09-08,Unknown,H,0,,,,
2024-09-09/2024-09-15,0-4,F,0,,,,
2024-09-09/2024-09-15,0-4,H,0,,,,
2024-09-09/2024-09-15,5-17,F,0,,,,
2024-09-09/2024-09-15,5-17,H,1,1.0,0.0,1.0,22.18
2024-09-09/2024-09-15,18-29,F,0,,,,
2024-09-09/2024-09-15,18-29,H,1,1.0,0.0,0.0,22.07
2024-09-09/2024-09-15,30-44,F,3,1.0,0.0,0.3333333333333333,23.98
2024-09-09/2024-09-15,30-44,H,5,1.0,0.2,0.0,21.77
2024-09-09/2024-09-15,45-59,F,0,,,,
2024-09-09/2024-09-15,45-59,H,0,,,,
2024-09-09/2024-09-15,60+,F,0,,,,
2024-09-09/2024-09-15,60+,H,0,,,,
2024-09-09/2024-09-15,Unknown,F,0,,,,
2024-09-09/2024-09-15,Unknown,H,0,,,,
2024-09-16/2024-09-22,0-4,F,0,,,,
2024-09-16/2024-09-22,0-4,H,0,,,,
2024-09-16/2024-09-22,5-17,F,0,,,,
2024-09-16/2024-09-22,5-17,H,0,,,,
2024-09-16/2024-09-22,18-29,F,3,1.0,0.3333333333333333,0.0,24.99
2024-09-16/2024-09-22,18-29,H,1,1.0,0.0,0.0,23.43
2024-09-16/2024-09-22,30-44,F,2,1.0,0.0,0.5,24.84
2024-09-16/2024-09-22,30-44,H,4,1.0,0.25,0.0,21.69
2024-09-16/2024-09-22,45-59,F,1,1.0,1.0,0.0,21.1
2024-09-16/2024-09-22,45-59,H,1,1.0,0.0,0.0,30.57
2024-09-16/2024-09-22,60+,F,0,,,,
2024-09-16/2024-09-22,60+,H,0,,,,
2024-09-16/2024-09-22,Unknown,F,0,,,,
2024-09-16/2024-09-22,Unknown,H,0,,,,
2024-09-23/2024-09-29,0-4,F,0,,,,
2024-09-23/2024-09-29,0-4,H,0,,,,
2024-09-23/2024-09-29,5-17,F,0,,,,
2024-09-23/2024-09-29,5-17,H,1,1.0,0.0,1.0,29.52
2024-09-23/2024-09-29,18-29,F,2,1.0,0.0,0.0,22.38
2024-09-23/2024-09-29,18-29,H,0,,,,
2024-09-23/2024-09-29,30-44,F,2,1.0,0.0,0.5,25.015
2024-09-23/2024-09-29,30-44,H,0,,,,
2024-09-23/2024-09-29,45-59,F,1,1.0,0.0,1.0,
2024-09-23/2024-09-29,45-59,H,0,,,,
2024-09-23/2024-09-29,60+,F,0,,,,
2024-09-23/2024-09-29,60+,H,0,,,,
2024-09-23/2024-09-29,Unknown,F,0,,,,
2024-09-23/2024-09-29,Unknown,H,0,,,,
2024-09-30/2024-10-06,0-4,F,0,,,,
2024-09-30/2024-10-06,0-4,H,1,1.0,0.0,0.0,
2024-09-30/2024-10-06,5-17,F,0,,,,
2024-09-30/2024-10-06,5-17,H,0,,,,
2024-09-30/2024-10-06,18-29,F,2,1.0,0.0,0.0,29.85
2024-09-30/2024-10-06,18-29,H,1,1.0,0.0,0.0,
2024-09-30/2024-10-06,30-44,F,1,1.0,1.0,0.0,
2024-09-30/2024-10-06,30-44,H,1,1.0,0.0,1.0,26.16
2024-09-30/2024-10-06,45-59,F,0,,,,
2024-09-30/2024-10-06,45-59,H,0,,,,
2024-09-30/2024-10-06,60+,F,0,,,,
2024-09-30/2024-10-06,60+,H,0,,,,
2024-09-30/2024-10-06,Unknown,F,0,,,,
2024-09-30/2024-10-06,Unknown,H,0,,,,
2024-10-07/2024-10-13,0-4,F,0,,,,
2024-10-07/2024-10-13,0-4,H,0,,,,
2024-10-07/2024-10-13,5-17,F,2,1.0,0.0,1.0,24.08
2024-10-07/2024-10-13,5-17,H,0,,,,
2024-10-07/2024-10-13,18-29,F,1,1.0,0.0,0.0,27.68
2024-10-07/2024-10-13,18-29,H,1,1.0,0.0,1.0,23.37
2024-10-07/2024-10-13,30-44,F,2,1.0,0.0,0.0,26.78
2024-10-07/2024-10-13,30-44,H,2,1.0,0.0,0.5,
2024-10-07/2024-10-13,45-59,F,0,,,,
2024-10-07/2024-10-13,45-59,H,1,1.0,0.0,0.0,25.62
2024-10-07/2024-10-13,60+,F,0,,,,
2024-10-07/2024-10-13,60+,H,0,,,,
2024-10-07/2024-10-13,Unknown,F,0,,,,
2024-10-07/2024-10-13,Unknown,H,0,,,,
2024-10-14/2024-10-20,0-4,F,0,,,,
2024-10-14/2024-10-20,0-4,H,0,,,,
2024-10-14/2024-10-20,5-17,F,0,,,,
2024-10-14/2024-10-20,5-17,H,0,,,,
2024-10-14/2024-10-20,18-29,F,0,,,,
2024-10-14/2024-10-20,18-29,H,1,1.0,1.0,0.0,
2024-10-14/2024-10-20,30-44,F,3,1.0,0.3333333333333333,0.0,28.04
2024-10-14/2024-10-20,30-44,H,3,1.0,0.3333333333333333,0.3333333333333333,20.975
2024-10-14/2024-10-20,45-59,F,0,,,,
2024-10-14/2024-10-20,45-59,H,0,,,,
2024-10-14/2024-10-20,60+,F,0,,,,
2024-10-14/2024-10-20,60+,H,0,,,,
2024-10-14/2024-10-20,Unknown,F,0,,,,
2024-10-14/2024-10-20,Unknown,H,0,,,,
2024-10-21/2024-10-27,0-4,F,0,,,,
2024-10-21/2024-10-27,0-4,H,0,,,,
2024-10-21/2024-10-27,5-17,F,0,,,,
2024-10-21/2024-10-27,5-17,H,0,,,,
2024-10-21/2024-10-27,18-29,F,2,1.0,0.0,0.0,27.18
2024-10-21/2024-10-27,18-29,H,0,,,,
2024-10-21/2024-10-27,30-44,F,2,1.0,0.5,0.0,24.81
2024-10-21/2024-10-27,30-44,H,0,,,,
2024-10-21/2024-10-27,45-59,F,0,,,,
2024-10-21/2024-10-27,45-59,H,0,,,,
2024-10-21/2024-10-27,60+,F,0,,,,
2024-10-21/2024-10-27,60+,H,1,1.0,1.0,0.0,23.36
2024-10-21/2024-10-27,Unknown,F,0,,,,
2024-10-21/2024-10-27,Unknown,H,0,,,,
2024-10-28/2024-11-03,0-4,F,0,,,,
2024-10-28/2024-11-03,0-4,H,0,,,,
2024-10-28/2024-11-03,5-17,F,0,,,,
2024-10-28/2024-11-03,5-17,H,0,,,,
2024-10-28/2024-11-03,18-29,F,0,,,,
2024-10-28/2024-11-03,18-29,H,0,,,,
2024-10-28/2024-11-03,30-44,F,1,1.0,0.0,0.0,22.77
2024-10-28/2024-11-03,30-44,H,3,1.0,0.0,0.0,22.759999999999998
2024-10-28/2024-11-03,45-59,F,1,1.0,0.0,1.0,32.29
2024-10-28/2024-11-03,45-59,H,0,,,,
2024-10-28/2024-11-03,60+,F,0,,,,
2024-10-28/2024-11-03,60+,H,0,,,,
2024-10-28/2024-11-03,Unknown,F,0,,,,
2024-10-28/2024-11-03,Unknown,H,0,,,,
2024-11-04/2024-11-10,0-4,F,0,,,,
2024-11-04/2024-11-10,0-4,H,0,,,,
2024-11-04/2024-11-10,5-17,F,0,,,,
2024-11-04/2024-11-10,5-17,H,1,1.0,0.0,0.0,
2024-11-04/2024-11-10,18-29,F,2,1.0,0.0,0.0,21.31
2024-11-04/2024-11-10,18-29,H,0,,,,
2024-11-04/2024-11-10,30-44,F,1,1.0,0.0,0.0,
2024-11-04/2024-11-10,30-44,H,2,1.0,0.5,0.5,22.845
2024-11-04/2024-11-10,45-59,F,1,1.0,0.0,0.0,18.62
2024-11-04/2024-11-10,45-59,H,0,,,,
2024-11-04/2024-11-10,60+,F,0,,,,
2024-11-04/2024-11-10,60+,H,0,,,,
2024-11-04/2024-11-10,Unknown,F,0,,,,
2024-11-04/2024-11-10,Unknown,H,0,,,,
2024-11-11/2024-11-17,0-4,F,0,,,,
2024-11-11/2024-11-17,0-4,H,0,,,,
2024-11-11/2024-11-17,5-17,F,0,,,,
2024-11-11/2024-11-17,5-17,H,0,,,,
2024-11-11/2024-11-17,18-29,F,2,1.0,0.0,0.0,24.0
2024-11-11/2024-11-17,18-29,H,0,,,,
2024-11-11/2024-11-17,30-44,F,2,1.0,0.0,0.0,25.66
2024-11-11/2024-11-17,30-44,H,1,1.0,0.0,0.0,
2024-11-11/2024-11-17,45-59,F,1,1.0,0.0,0.0,34.49
2024-11-11/2024-11-17,45-59,H,0,,,,
2024-11-11/2024-11-17,60+,F,0,,,,
2024-11-11/2024-11-17,60+,H,0,,,,
2024-11-11/2024-11-17,Unknown,F,0,,,,
2024-11-11/2024-11-17,Unknown,H,0,,,,
2024-11-18/2024-11-24,0-4,F,0,,,,
2024-11-18/2024-11-24,0-4,H,0,,,,
2024-11-18/2024-11-24,5-17,F,0,,,,
2024-11-18/2024-11-24,5-17,H,0,,,,
2024-11-18/2024-11-24,18-29,F,0,,,,
2024-11-18/2024-11-24,18-29,H,1,1.0,0.0,0.0,
2024-11-18/2024-11-24,30-44,F,3,1.0,0.6666666666666666,0.3333333333333333,20.91
2024-11-18/2024-11-24,30-44,H,2,1.0,0.0,0.5,25.38
2024-11-18/2024-11-24,45-59,F,0,,,,
2024-11-18/2024-11-24,45-59,H,0,,,,
2024-11-18/2024-11-24,60+,F,0,,,,
2024-11-18/2024-11-24,60+,H,0,,,,
2024-11-18/2024-11-24,Unknown,F,0,,,,
2024-11-18/2024-11-24,Unknown,H,0,,,,
2024-11-25/2024-12-01,0-4,F,0,,,,
2024-11-25/2024-12-01,0-4,H,1,1.0,0.0,0.0,25.11
2024-11-25/2024-12-01,5-17,F,0,,,,
2024-11-25/2024-12-01,5-17,H,0,,,,
2024-11-25/2024-12-01,18-29,F,0,,,,
2024-11-25/2024-12-01,18-29,H,2,1.0,0.0,0.0,30.95
2024-11-25/2024-12-01,30-44,F,1,1.0,0.0,1.0,21.09
2024-11-25/2024-12-01,30-44,H,4,1.0,0.0,0.0,24.67
2024-11-25/2024-12-01,45-59,F,1,1.0,1.0,0.0,
2024-11-25/2024-12-01,45-59,H,0,,,,
2024-11-25/2024-12-01,60+,F,0,,,,
2024-11-25/2024-12-01,60+,H,0,,,,
2024-11-25/2024-12-01,Unknown,F,0,,,,
2024-11-25/2024-12-01,Unknown,H,0,,,,
2024-12-02/2024-12-08,0-4,F,0,,,,
2024-12-02/2024-12-08,0-4,H,0,,,,
2024-12-02/2024-12-08,5-17,F,0,,,,
2024-12-02/2024-12-08,5-17,H,0,,,,
2024-12-02/2024-12-08,18-29,F,0,,,,
2024-12-02/2024-12-08,18-29,H,0,,,,
2024-12-02/2024-12-08,30-44,F,2,1.0,0.5,0.0,
2024-12-02/2024-12-08,30-44,H,1,1.0,0.0,0.0,
2024-12-02/2024-12-08,45-59,F,0,,,,
2024-12-02/2024-12-08,45-59,H,0,,,,
2024-12-02/2024-12-08,60+,F,0,,,,
2024-12-02/2024-12-08,60+,H,0,,,,
2024-12-02/2024-12-08,Unknown,F,0,,,,
2024-12-02/2024-12-08,Unknown,H,0,,,,
2024-12-09/2024-12-15,0-4,F,0,,,,
2024-12-09/2024-12-15,0-4,H,0,,,,
2024-12-09/2024-12-15,5-17,F,0,,,,
2024-12-09/2024-12-15,5-17,H,0,,,,
2024-12-09/2024-12-15,18-29,F,3,1.0,0.3333333333333333,0.0,24.425
2024-12-09/2024-12-15,18-29,H,0,,,,
2024-12-09/2024-12-15,30-44,F,2,1.0,0.0,0.5,30.68
2024-12-09/2024-12-15,30-44,H,0,,,,
2024-12-09/2024-12-15,45-59,F,0,,,,
2024-12-09/2024-12-15,45-59,H,0,,,,
2024-12-09/2024-12-15,60+,F,0,,,,
2024-12-09/2024-12-15,60+,H,0,,,,
2024-12-09/2024-12-15,Unknown,F,0,,,,
2024-12-09/2024-12-15,Unknown,H,0,,,,
2024-12-16/2024-12-22,0-4,F,0,,,,
2024-12-16/2024-12-22,0-4,H,0,,,,
2024-12-16/2024-12-22,5-17,F,1,1.0,0.0,0.0,22.87
2024-12-16/2024-12-22,5-17,H,1,1.0,0.0,0.0,28.64
2024-12-16/2024-12-22,18-29,F,2,1.0,0.0,0.0,26.29
2024-12-16/2024-12-22,18-29,H,0,,,,
2024-12-16/2024-12-22,30-44,F,1,1.0,0.0,0.0,24.14
2024-12-16/2024-12-22,30-44,H,0,,,,
2024-12-16/2024-12-22,45-59,F,0,,,,
2024-12-16/2024-12-22,45-59,H,0,,,,
2024-12-16/2024-12-22,60+,F,0,,,,
2024-12-16/2024-12-22,60+,H,0,,,,
2024-12-16/2024-12-22,Unknown,F,0,,,,
2024-12-16/2024-12-22,Unknown,H,0,,,,
2024-12-23/2024-12-29,0-4,F,0,,,,
2024-12-23/2024-12-29,0-4,H,0,,,,
2024-12-23/2024-12-29,5-17,F,0,,,,
2024-12-23/2024-12-29,5-17,H,1,1.0,0.0,0.0,31.01
2024-12-23/2024-12-29,18-29,F,2,1.0,0.5,0.0,21.89
2024-12-23/2024-12-29,18-29,H,1,1.0,0.0,0.0,
2024-12-23/2024-12-29,30-44,F,0,,,,
2024-12-23/2024-12-29,30-44,H,1,1.0,0.0,1.0,
2024-12-23/2024-12-29,45-59,F,1,1.0,0.0,0.0,29.98
2024-12-23/2024-12-29,45-59,H,1,1.0,0.0,0.0,
2024-12-23/2024-12-29,60+,F,0,,,,
2024-12-23/2024-12-29,60+,H,0,,,,
2024-12-23/2024-12-29,Unknown,F,0,,,,
2024-12-23/2024-12-29,Unknown,H,0,,,,
2024-12-30/2025-01-05,0-4,F,0,,,,
2024-12-30/2025-01-05,0-4,H,0,,,,
2024-12-30/2025-01-05,5-17,F,0,,,,
2024-12-30/2025-01-05,5-17,H,0,,,,
2024-12-30/2025-01-05,18-29,F,2,1.0,0.0,0.0,19.15
2024-12-30/2025-01-05,18-29,H,2,1.0,0.0,0.0,20.68
2024-12-30/2025-01-05,30-44,F,1,1.0,0.0,1.0,
2024-12-30/2025-01-05,30-44,H,2,1.0,0.0,0.0,25.205
2024-12-30/2025-01-05,45-59,F,0,,,,
2024-12-30/2025-01-05,45-59,H,0,,,,
2024-12-30/2025-01-05,60+,F,0,,,,
2024-12-30/2025-01-05,60+,H,0,,,,
2024-12-30/2025-01-05,Unknown,F,0,,,,
2024-12-30/2025-01-05,Unknown,H,0,,,,
2025-01-06/2025-01-12,0-4,F,1,1.0,0.0,0.0,24.79
2025-01-06/2025-01-12,0-4,H,0,,,,
2025-01-06/2025-01-12,5-17,F,0,,,,
2025-01-06/2025-01-12,5-17,H,2,1.0,0.0,0.0,32.53
2025-01-06/2025-01-12,18-29,F,3,1.0,0.0,0.3333333333333333,25.36
2025-01-06/2025-01-12,18-29,H,2,1.0,0.0,0.0,22.675
2025-01-06/2025-01-12,30-44,F,0,,,,
2025-01-06/2025-01-12,30-44,H,3,1.0,0.0,0.0,27.19
2025-01-06/2025-01-12,45-59,F,0,,,,
2025-01-06/2025-01-12,45-59,H,1,1.0,0.0,0.0,17.47
2025-01-06/2025-01-12,60+,F,0,,,,
2025-01-06/2025-01-12,60+,H,0,,,,
2025-01-06/2025-01-12,Unknown,F,0,,,,
2025-01-06/2025-01-12,Unknown,H,0,,,,
2025-01-13/2025-01-19,0-4,F,0,,,,
2025-01-13/2025-01-19,0-4,H,0,,,,
2025-01-13/2025-01-19,5-17,F,0,,,,
2025-01-13/2025-01-19,5-17,H,0,,,,
2025-01-13/2025-01-19,18-29,F,1,1.0,0.0,1.0,26.49
2025-01-13/2025-01-19,18-29,H,2,1.0,0.0,0.0,30.99
2025-01-13/2025-01-19,30-44,F,1,1.0,1.0,0.0,22.11
2025-01-13/2025-01-19,30-44,H,0,,,,
2025-01-13/2025-01-19,45-59,F,0,,,,
2025-01-13/2025-01-19,45-59,H,1,1.0,0.0,0.0,27.1
2025-01-13/2025-01-19,60+,F,0,,,,
2025-01-13/2025-01-19,60+,H,0,,,,
2025-01-13/2025-01-19,Unknown,F,0,,,,
2025-01-13/2025-01-19,Unknown,H,0,,,,
2025-01-20/2025-01-26,0-4,F,0,,,,
2025-01-20/2025-01-26,0-4,H,0,,,,
2025-01-20/2025-01-26,5-17,F,0,,,,
2025-01-20/2025-01-26,5-17,H,1,1.0,1.0,0.0,
2025-01-20/2025-01-26,18-29,F,5,1.0,0.0,0.0,25.9
2025-01-20/2025-01-26,18-29,H,1,1.0,0.0,0.0,
2025-01-20/2025-01-26,30-44,F,0,,,,
2025-01-20/2025-01-26,30-44,H,0,,,,
2025-01-20/2025-01-26,45-59,F,2,1.0,0.0,0.0,24.04
2025-01-20/2025-01-26,45-59,H,1,1.0,0.0,0.0,
2025-01-20/2025-01-26,60+,F,0,,,,
2025-01-20/2025-01-26,60+,H,1,1.0,0.0,0.0,24.62
2025-01-20/2025-01-26,Unknown,F,0,,,,
2025-01-20/2025-01-26,Unknown,H,0,,,,
2025-01-27/2025-02-02,0-4,F,0,,,,
2025-01-27/2025-02-02,0-4,H,0,,,,
2025-01-27/2025-02-02,5-17,F,1,1.0,0.0,0.0,21.19
2025-01-27/2025-02-02,5-17,H,0,,,,
2025-01-27/2025-02-02,18-29,F,0,,,,
2025-01-27/2025-02-02,18-29,H,1,1.0,0.0,0.0,24.89
2025-01-27/2025-02-02,30-44,F,1,1.0,0.0,0.0,25.94
2025-01-27/2025-02-02,30-44,H,1,1.0,0.0,0.0,
2025-01-27/2025-02-02,45-59,F,2,1.0,0.0,0.0,24.61
2025-01-27/2025-02-02,45-59,H,1,1.0,0.0,0.0,25.52
2025-01-27/2025-02-02,60+,F,0,,,,
2025-01-27/2025-02-02,60+,H,0,,,,
2025-01-27/2025-02-02,Unknown,F,0,,,,
2025-01-27/2025-02-02,Unknown,H,0,,,,
2025-02-03/2025-02-09,0-4,F,1,1.0,0.0,0.0,28.21
2025-02-03/2025-02-09,0-4,H,0,,,,
2025-02-03/2025-02-09,5-17,F,0,,,,
2025-02-03/2025-02-09,5-17,H,1,1.0,0.0,0.0,
2025-02-03/2025-02-09,18-29,F,3,1.0,0.3333333333333333,0.3333333333333333,31.04
2025-02-03/2025-02-09,18-29,H,1,1.0,1.0,0.0,23.59
2025-02-03/2025-02-09,30-44,F,1,1.0,0.0,0.0,24.4
2025-02-03/2025-02-09,30-44,H,1,1.0,0.0,0.0,
2025-02-03/2025-02-09,45-59,F,0,,,,
2025-02-03/2025-02-09,45-59,H,2,1.0,0.0,0.5,25.665
2025-02-03/2025-02-09,60+,F,0,,,,
2025-02-03/2025-02-09,60+,H,0,,,,
2025-02-03/2025-02-09,Unknown,F,0,,,,
2025-02-03/2025-02-09,Unknown,H,0,,,,
2025-02-10/2025-02-16,0-4,F,0,,,,
2025-02-10/2025-02-16,0-4,H,0,,,,
2025-02-10/2025-02-16,5-17,F,0,,,,
2025-02-10/2025-02-16,5-17,H,0,,,,
2025-02-10/2025-02-16,18-29,F,1,1.0,1.0,0.0,27.43
2025-02-10/2025-02-16,18-29,H,2,1.0,0.0,0.0,
2025-02-10/2025-02-16,30-44,F,0,,,,
2025-02-10/2025-02-16,30-44,H,1,1.0,0.0,1.0,38.69
2025-02-10/2025-02-16,45-59,F,0,,,,
2025-02-10/2025-02-16,45-59,H,0,,,,
2025-02-10/2025-02-16,60+,F,0,,,,
2025-02-10/2025-02-16,60+,H,0,,,,
2025-02-10/2025-02-16,Unknown,F,0,,,,
2025-02-10/2025-02-16,Unknown,H,0,,,,
2025-02-17/2025-02-23,0-4,F,1,1.0,0.0,0.0,31.24
2025-02-17/2025-02-23,0-4,H,0,,,,
2025-02-17/2025-02-23,5-17,F,0,,,,
2025-02-17/2025-02-23,5-17,H,0,,,,
2025-02-17/2025-02-23,18-29,F,5,1.0,0.2,0.4,27.47
2025-02-17/2025-02-23,18-29,H,0,,,,
2025-02-17/2025-02-23,30-44,F,2,1.0,0.0,0.0,
2025-02-17/2025-02-23,30-44,H,3,1.0,0.3333333333333333,0.0,25.725
2025-02-17/2025-02-23,45-59,F,0,,,,
2025-02-17/2025-02-23,45-59,H,3,1.0,0.0,0.6666666666666666,31.29
2025-02-17/2025-02-23,60+,F,0,,,,
2025-02-17/2025-02-23,60+,H,0,,,,
2025-02-17/2025-02-23,Unknown,F,0,,,,
2025-02-17/2025-02-23,Unknown,H,0,,,,
2025-02-24/2025-03-02,0-4,F,0,,,,
2025-02-24/2025-03-02,0-4,H,0,,,,
2025-02-24/2025-03-02,5-17,F,0,,,,
2025-02-24/2025-03-02,5-17,H,0,,,,
2025-02-24/2025-03-02,18-29,F,1,1.0,0.0,0.0,19.6
2025-02-24/2025-03-02,18-29,H,1,1.0,0.0,0.0,21.47
2025-02-24/2025-03-02,30-44,F,2,1.0,0.0,0.0,20.27
2025-02-24/2025-03-02,30-44,H,1,1.0,1.0,1.0,23.58
2025-02-24/2025-03-02,45-59,F,0,,,,
2025-02-24/2025-03-02,45-59,H,0,,,,
2025-02-24/2025-03-02,60+,F,0,,,,
2025-02-24/2025-03-02,60+,H,0,,,,
2025-02-24/2025-03-02,Unknown,F,0,,,,
2025-02-24/2025-03-02,Unknown,H,0,,,,
2025-03-03/2025-03-09,0-4,F,0,,,,
2025-03-03/2025-03-09,0-4,H,0,,,,
2025-03-03/2025-03-09,5-17,F,1,1.0,0.0,0.0,25.5
2025-03-03/2025-03-09,5-17,H,0,,,,
2025-03-03/2025-03-09,18-29,F,1,1.0,0.0,1.0,
2025-03-03/2025-03-09,18-29,H,0,,,,
2025-03-03/2025-03-09,30-44,F,4,1.0,0.25,0.0,25.115000000000002
2025-03-03/2025-03-09,30-44,H,4,1.0,0.25,0.25,26.825
2025-03-03/2025-03-09,45-59,F,1,1.0,0.0,0.0,
2025-03-03/2025-03-09,45-59,H,1,1.0,0.0,0.0,21.95
2025-03-03/2025-03-09,60+,F,0,,,,
2025-03-03/2025-03-09,60+,H,0,,,,
2025-03-03/2025-03-09,Unknown,F,0,,,,
2025-03-03/2025-03-09,Unknown,H,0,,,,
2025-03-10/2025-03-16,0-4,F,0,,,,
2025-03-10/2025-03-16,0-4,H,0,,,,
2025-03-10/2025-03-16,5-17,F,0,,,,
2025-03-10/2025-03-16,5-17,H,0,,,,
2025-03-10/2025-03-16,18-29,F,1,1.0,0.0,1.0,23.37
2025-03-10/2025-03-16,18-29,H,3,1.0,0.0,0.0,23.575000000000003
2025-03-10/2025-03-16,30-44,F,1,1.0,0.0,0.0,20.55
2025-03-10/2025-03-16,30-44,H,3,1.0,0.0,0.0,27.15
2025-03-10/2025-03-16,45-59,F,0,,,,
2025-03-10/2025-03-16,45-59,H,0,,,,
2025-03-10/2025-03-16,60+,F,0,,,,
2025-03-10/2025-03-16,60+,H,0,,,,
2025-03-10/2025-03-16,Unknown,F,0,,,,
2025-03-10/2025-03-16,Unknown,H,0,,,,
2025-03-17/2025-03-23,0-4,F,0,,,,
2025-03-17/2025-03-23,0-4,H,0,,,,
2025-03-17/2025-03-23,5-17,F,1,1.0,1.0,0.0,23.33
2025-03-17/2025-03-23,5-17,H,1,1.0,0.0,0.0,
2025-03-17/2025-03-23,18-29,F,1,1.0,0.0,0.0,25.18
2025-03-17/2025-03-23,18-29,H,1,1.0,0.0,1.0,23.85
2025-03-17/2025-03-23,30-44,F,1,1.0,0.0,1.0,22.45
2025-03-17/2025-03-23,30-44,H,3,1.0,0.0,0.3333333333333333,28.58
2025-03-17/2025-03-23,45-59,F,0,,,,
2025-03-17/2025-03-23,45-59,H,1,1.0,0.0,0.0,20.94
2025-03-17/2025-03-23,60+,F,0,,,,
2025-03-17/2025-03-23,60+,H,0,,,,
2025-03-17/2025-03-23,Unknown,F,0,,,,
2025-03-17/2025-03-23,Unknown,H,0,,,,
2025-03-24/2025-03-30,0-4,F,0,,,,
2025-03-24/2025-03-30,0-4,H,0,,,,
2025-03-24/2025-03-30,5-17,F,1,1.0,0.0,1.0,25.07
2025-03-24/2025-03-30,5-17,H,1,1.0,0.0,0.0,20.33
2025-03-24/2025-03-30,18-29,F,3,1.0,0.3333333333333333,0.3333333333333333,21.299999999999997
2025-03-24/2025-03-30,18-29,H,1,1.0,0.0,0.0,
2025-03-24/2025-03-30,30-44,F,1,1.0,1.0,1.0,
2025-03-24/2025-03-30,30-44,H,1,1.0,0.0,0.0,22.89
2025-03-24/2025-03-30,45-59,F,1,1.0,0.0,0.0,22.08
2025-03-24/2025-03-30,45-59,H,0,,,,
2025-03-24/2025-03-30,60+,F,0,,,,
2025-03-24/2025-03-30,60+,H,1,1.0,1.0,1.0,
2025-03-24/2025-03-30,Unknown,F,0,,,,
2025-03-24/2025-03-30,Unknown,H,0,,,,
2025-03-31/2025-04-06,0-4,F,0,,,,
2025-03-31/2025-04-06,0-4,H,0,,,,
2025-03-31/2025-04-06,5-17,F,0,,,,
2025-03-31/2025-04-06,5-17,H,0,,,,
2025-03-31/2025-04-06,18-29,F,5,1.0,0.0,0.0,22.075
2025-03-31/2025-04-06,18-29,H,0,,,,
2025-03-31/2025-04-06,30-44,F,0,,,,
2025-03-31/2025-04-06,30-44,H,1,1.0,0.0,0.0,25.69
2025-03-31/2025-04-06,45-59,F,1,1.0,1.0,1.0,24.13
2025-03-31/2025-04-06,45-59,H,1,1.0,0.0,0.0,21.59
2025-03-31/2025-04-06,60+,F,0,,,,
2025-03-31/2025-04-06,60+,H,0,,,,
2025-03-31/2025-04-06,Unknown,F,0,,,,
2025-03-31/2025-04-06,Unknown,H,0,,,,
2025-04-07/2025-04-13,0-4,F,0,,,,
2025-04-07/2025-04-13,0-4,H,1,1.0,0.0,1.0,25.95
2025-04-07/2025-04-13,5-17,F,0,,,,
2025-04-07/2025-04-13,5-17,H,0,,,,
2025-04-07/2025-04-13,18-29,F,1,1.0,0.0,0.0,22.64
2025-04-07/2025-04-13,18-29,H,3,1.0,0.3333333333333333,0.0,24.755000000000003
2025-04-07/2025-04-13,30-44,F,1,1.0,0.0,0.0,
2025-04-07/2025-04-13,30-44,H,2,1.0,0.0,0.0,
2025-04-07/2025-04-13,45-59,F,3,1.0,0.0,0.0,23.23
2025-04-07/2025-04-13,45-59,H,2,1.0,0.0,0.0,26.5
2025-04-07/2025-04-13,60+,F,0,,,,
2025-04-07/2025-04-13,60+,H,0,,,,
2025-04-07/2025-04-13,Unknown,F,0,,,,
2025-04-07/2025-04-13,Unknown,H,0,,,,
2025-04-14/2025-04-20,0-4,F,0,,,,
2025-04-14/2025-04-20,0-4,H,0,,,,
2025-04-14/2025-04-20,5-17,F,1,1.0,0.0,0.0,
2025-04-14/2025-04-20,5-17,H,0,,,,
2025-04-14/2025-04-20,18-29,F,3,1.0,0.0,0.6666666666666666,23.005000000000003
2025-04-14/2025-04-20,18-29,H,0,,,,
2025-04-14/2025-04-20,30-44,F,4,1.0,0.0,0.0,28.975
2025-04-14/2025-04-20,30-44,H,4,1.0,0.0,0.25,23.005
2025-04-14/2025-04-20,45-59,F,0,,,,
2025-04-14/2025-04-20,45-59,H,2,1.0,0.5,0.5,27.72
2025-04-14/2025-04-20,60+,F,0,,,,
2025-04-14/2025-04-20,60+,H,0,,,,
2025-04-14/2025-04-20,Unknown,F,0,,,,
2025-04-14/2025-04-20,Unknown,H,0,,,,
2025-04-21/2025-04-27,0-4,F,0,,,,
2025-04-21/2025-04-27,0-4,H,0,,,,
2025-04-21/2025-04-27,5-17,F,0,,,,
2025-04-21/2025-04-27,5-17,H,0,,,,
2025-04-21/2025-04-27,18-29,F,2,1.0,0.0,0.0,25.11
2025-04-21/2025-04-27,18-29,H,2,1.0,0.0,0.0,28.555
2025-04-21/2025-04-27,30-44,F,1,1.0,1.0,0.0,19.8
2025-04-21/2025-04-27,30-44,H,3,1.0,0.3333333333333333,0.0,28.19
2025-04-21/2025-04-27,45-59,F,1,1.0,0.0,0.0,32.99
2025-04-21/2025-04-27,45-59,H,0,,,,
2025-04-21/2025-04-27,60+,F,0,,,,
2025-04-21/2025-04-27,60+,H,0,,,,
2025-04-21/2025-04-27,Unknown,F,0,,,,
2025-04-21/2025-04-27,Unknown,H,0,,,,
2025-04-28/2025-05-04,0-4,F,0,,,,
2025-04-28/2025-05-04,0-4,H,0,,,,
2025-04-28/2025-05-04,5-17,F,0,,,,
2025-04-28/2025-05-04,5-17,H,0,,,,
2025-04-28/2025-05-04,18-29,F,2,1.0,0.0,0.0,35.88
2025-04-28/2025-05-04,18-29,H,3,1.0,0.0,0.3333333333333333,22.39
2025-04-28/2025-05-04,30-44,F,2,1.0,0.0,0.0,23.8
2025-04-28/2025-05-04,30-44,H,2,1.0,0.0,0.0,23.4
2025-04-28/2025-05-04,45-59,F,2,1.0,0.0,0.0,26.215
2025-04-28/2025-05-04,45-59,H,0,,,,
2025-04-28/2025-05-04,60+,F,0,,,,
2025-04-28/2025-05-04,60+,H,0,,,,
2025-04-28/2025-05-04,Unknown,F,0,,,,
2025-04-28/2025-05-04,Unknown,H,0,,,,
2025-05-05/2025-05-11,0-4,F,0,,,,
2025-05-05/2025-05-11,0-4,H,0,,,,
2025-05-05/2025-05-11,5-17,F,1,1.0,0.0,0.0,
2025-05-05/2025-05-11,5-17,H,0,,,,
2025-05-05/2025-05-11,18-29,F,1,1.0,0.0,1.0,
2025-05-05/2025-05-11,18-29,H,1,1.0,1.0,0.0,27.2
2025-05-05/2025-05-11,30-44,F,0,,,,
2025-05-05/2025-05-11,30-44,H,2,1.0,0.0,0.0,25.98
2025-05-05/2025-05-11,45-59,F,1,1.0,1.0,0.0,24.41
2025-05-05/2025-05-11,45-59,H,1,1.0,0.0,0.0,22.38
2025-05-05/2025-05-11,60+,F,0,,,,
2025-05-05/2025-05-11,60+,H,0,,,,
2025-05-05/2025-05-11,Unknown,F,0,,,,
2025-05-05/2025-05-11,Unknown,H,0,,,,
2025-05-12/2025-05-18,0-4,F,0,,,,
2025-05-12/2025-05-18,0-4,H,0,,,,
2025-05-12/2025-05-18,5-17,F,1,1.0,1.0,0.0,
2025-05-12/2025-05-18,5-17,H,0,,,,
2025-05-12/2025-05-18,18-29,F,1,1.0,0.0,1.0,33.44
2025-05-12/2025-05-18,18-29,H,0,,,,
2025-05-12/2025-05-18,30-44,F,2,1.0,0.5,0.0,24.03
2025-05-12/2025-05-18,30-44,H,2,1.0,0.0,0.5,
2025-05-12/2025-05-18,45-59,F,0,,,,
2025-05-12/2025-05-18,45-59,H,1,1.0,0.0,0.0,38.98
2025-05-12/2025-05-18,60+,F,0,,,,
2025-05-12/2025-05-18,60+,H,0,,,,
2025-05-12/2025-05-18,Unknown,F,0,,,,
2025-05-12/2025-05-18,Unknown,H,0,,,,
2025-05-19/2025-05-25,0-4,F,0,,,,
2025-05-19/2025-05-25,0-4,H,0,,,,
2025-05-19/2025-05-25,5-17,F,0,,,,
2025-05-19/2025-05-25,5-17,H,0,,,,
2025-05-19/2025-05-25,18-29,F,0,,,,
2025-05-19/2025-05-25,18-29,H,2,1.0,0.5,0.5,25.665
2025-05-19/2025-05-25,30-44,F,1,1.0,1.0,0.0,21.86
2025-05-19/2025-05-25,30-44,H,7,1.0,0.0,0.2857142857142857,27.68
2025-05-19/2025-05-25,45-59,F,2,1.0,0.0,0.5,27.655
2025-05-19/2025-05-25,45-59,H,0,,,,
2025-05-19/2025-05-25,60+,F,0,,,,
2025-05-19/2025-05-25,60+,H,0,,,,
2025-05-19/2025-05-25,Unknown,F,0,,,,
2025-05-19/2025-05-25,Unknown,H,0,,,,
2025-05-26/2025-06-01,0-4,F,0,,,,
2025-05-26/2025-06-01,0-4,H,0,,,,
2025-05-26/2025-06-01,5-17,F,1,1.0,0.0,0.0,19.24
2025-05-26/2025-06-01,5-17,H,0,,,,
2025-05-26/2025-06-01,18-29,F,0,,,,
2025-05-26/2025-06-01,18-29,H,1,1.0,0.0,0.0,18.73
2025-05-26/2025-06-01,30-44,F,3,1.0,0.0,1.0,29.585
2025-05-26/2025-06-01,30-44,H,4,1.0,0.25,0.75,20.28
2025-05-26/2025-06-01,45-59,F,0,,,,
2025-05-26/2025-06-01,45-59,H,1,1.0,0.0,0.0,23.97
2025-05-26/2025-06-01,60+,F,0,,,,
2025-05-26/2025-06-01,60+,H,0,,,,
2025-05-26/2025-06-01,Unknown,F,0,,,,
2025-05-26/2025-06-01,Unknown,H,0,,,,
2025-06-02/2025-06-08,0-4,F,0,,,,
2025-06-02/2025-06-08,0-4,H,0,,,,
2025-06-02/2025-06-08,5-17,F,0,,,,
2025-06-02/2025-06-08,5-17,H,0,,,,
2025-06-02/2025-06-08,18-29,F,1,1.0,1.0,0.0,22.26
2025-06-02/2025-06-08,18-29,H,1,1.0,0.0,0.0,
2025-06-02/2025-06-08,30-44,F,1,1.0,0.0,0.0,
2025-06-02/2025-06-08,30-44,H,0,,,,
2025-06-02/2025-06-08,45-59,F,0,,,,
2025-06-02/2025-06-08,45-59,H,1,1.0,0.0,1.0,25.24
2025-06-02/2025-06-08,60+,F,0,,,,
2025-06-02/2025-06-08,60+,H,0,,,,
2025-06-02/2025-06-08,Unknown,F,0,,,,
2025-06-02/2025-06-08,Unknown,H,0,,,,
2025-06-09/2025-06-15,0-4,F,0,,,,
2025-06-09/2025-06-15,0-4,H,0,,,,
2025-06-09/2025-06-15,5-17,F,0,,,,
2025-06-09/2025-06-15,5-17,H,0,,,,
2025-06-09/2025-06-15,18-29,F,0,,,,
2025-06-09/2025-06-15,18-29,H,1,1.0,0.0,1.0,
2025-06-09/2025-06-15,30-44,F,2,1.0,0.0,0.0,20.81
2025-06-09/2025-06-15,30-44,H,5,1.0,0.2,0.8,25.61
2025-06-09/2025-06-15,45-59,F,0,,,,
2025-06-09/2025-06-15,45-59,H,0,,,,
2025-06-09/2025-06-15,60+,F,0,,,,
2025-06-09/2025-06-15,60+,H,0,,,,
2025-06-09/2025-06-15,Unknown,F,0,,,,
2025-06-09/2025-06-15,Unknown,H,0,,,,
2025-06-16/2025-06-22,0-4,F,0,,,,
2025-06-16/2025-06-22,0-4,H,0,,,,
2025-06-16/2025-06-22,5-17,F,0,,,,
2025-06-16/2025-06-22,5-17,H,0,,,,
2025-06-16/2025-06-22,18-29,F,1,1.0,0.0,0.0,28.54
2025-06-16/2025-06-22,18-29,H,1,1.0,0.0,0.0,30.52
2025-06-16/2025-06-22,30-44,F,3,1.0,0.0,0.3333333333333333,21.345
2025-06-16/2025-06-22,30-44,H,3,1.0,0.3333333333333333,0.3333333333333333,25.46
2025-06-16/2025-06-22,45-59,F,1,1.0,1.0,1.0,24.86
2025-06-16/2025-06-22,45-59,H,3,1.0,0.0,0.3333333333333333,28.695
2025-06-16/2025-06-22,60+,F,0,,,,
2025-06-16/2025-06-22,60+,H,0,,,,
2025-06-16/2025-06-22,Unknown,F,0,,,,
2025-06-16/2025-06-22,Unknown,H,0,,,,
2025-06-23/2025-06-29,0-4,F,0,,,,
2025-06-23/2025-06-29,0-4,H,0,,,,
2025-06-23/2025-06-29,5-17,F,1,1.0,0.0,0.0,31.01
2025-06-23/2025-06-29,5-17,H,0,,,,
2025-06-23/2025-06-29,18-29,F,2,1.0,0.0,0.5,22.9
2025-06-23/2025-06-29,18-29,H,2,1.0,0.5,0.5,20.37
2025-06-23/2025-06-29,30-44,F,2,1.0,0.0,0.0,24.310000000000002
2025-06-23/2025-06-29,30-44,H,2,1.0,0.0,0.0,27.115000000000002
2025-06-23/2025-06-29,45-59,F,0,,,,
2025-06-23/2025-06-29,45-59,H,0,,,,
2025-06-23/2025-06-29,60+,F,0,,,,
2025-06-23/2025-06-29,60+,H,0,,,,
2025-06-23/2025-06-29,Unknown,F,0,,,,
2025-06-23/2025-06-29,Unknown,H,0,,,,
2025-06-30/2025-07-06,0-4,F,0,,,,
2025-06-30/2025-07-06,0-4,H,0,,,,
2025-06-30/2025-07-06,5-17,F,1,1.0,0.0,0.0,
2025-06-30/2025-07-06,5-17,H,0,,,,
2025-06-30/2025-07-06,18-29,F,4,1.0,0.25,0.0,26.5
2025-06-30/2025-07-06,18-29,H,0,,,,
2025-06-30/2025-07-06,30-44,F,1,1.0,1.0,0.0,24.35
2025-06-30/2025-07-06,30-44,H,2,1.0,0.5,0.5,21.905
2025-06-30/2025-07-06,45-59,F,1,1.0,0.0,1.0,27.03
2025-06-30/2025-07-06,45-59,H,0,,,,
2025-06-30/2025-07-06,60+,F,0,,,,
2025-06-30/2025-07-06,60+,H,0,,,,
2025-06-30/2025-07-06,Unknown,F,0,,,,
2025-06-30/2025-07-06,Unknown,H,0,,,,
2025-07-07/2025-07-13,0-4,F,0,,,,
2025-07-07/2025-07-13,0-4,H,0,,,,
2025-07-07/2025-07-13,5-17,F,1,1.0,0.0,1.0,18.4
2025-07-07/2025-07-13,5-17,H,1,1.0,0.0,0.0,17.16
2025-07-07/2025-07-13,18-29,F,2,1.0,0.0,0.0,25.7
2025-07-07/2025-07-13,18-29,H,1,1.0,0.0,0.0,37.13
2025-07-07/2025-07-13,30-44,F,1,1.0,0.0,0.0,32.1
2025-07-07/2025-07-13,30-44,H,0,,,,
2025-07-07/2025-07-13,45-59,F,0,,,,
2025-07-07/2025-07-13,45-59,H,1,1.0,0.0,0.0,21.37
2025-07-07/2025-07-13,60+,F,0,,,,
2025-07-07/2025-07-13,60+,H,0,,,,
2025-07-07/2025-07-13,Unknown,F,0,,,,
2025-07-07/2025-07-13,Unknown,H,0,,,,
2025-07-14/2025-07-20,0-4,F,0,,,,
2025-07-14/2025-07-20,0-4,H,0,,,,
2025-07-14/2025-07-20,5-17,F,1,1.0,0.0,0.0,31.33
2025-07-14/2025-07-20,5-17,H,1,1.0,1.0,1.0,22.85
2025-07-14/2025-07-20,18-29,F,0,,,,
2025-07-14/2025-07-20,18-29,H,0,,,,
2025-07-14/2025-07-20,30-44,F,2,1.0,0.0,0.5,25.34
2025-07-14/2025-07-20,30-44,H,2,1.0,0.0,0.0,27.22
2025-07-14/2025-07-20,45-59,F,0,,,,
2025-07-14/2025-07-20,45-59,H,0,,,,
2025-07-14/2025-07-20,60+,F,0,,,,
2025-07-14/2025-07-20,60+,H,0,,,,
2025-07-14/2025-07-20,Unknown,F,0,,,,
2025-07-14/2025-07-20,Unknown,H,0,,,,
2025-07-21/2025-07-27,0-4,F,0,,,,
2025-07-21/2025-07-27,0-4,H,0,,,,
2025-07-21/2025-07-27,5-17,F,1,1.0,0.0,0.0,24.7
2025-07-21/2025-07-27,5-17,H,0,,,,
2025-07-21/2025-07-27,18-29,F,2,1.0,0.0,0.5,18.645
2025-07-21/2025-07-27,18-29,H,0,,,,
2025-07-21/2025-07-27,30-44,F,2,1.0,0.0,0.0,32.485
2025-07-21/2025-07-27,30-44,H,5,1.0,0.2,0.4,25.965
2025-07-21/2025-07-27,45-59,F,1,1.0,0.0,0.0,29.6
2025-07-21/2025-07-27,45-59,H,0,,,,
2025-07-21/2025-07-27,60+,F,0,,,,
2025-07-21/2025-07-27,60+,H,0,,,,
2025-07-21/2025-07-27,Unknown,F,0,,,,
2025-07-21/2025-07-27,Unknown,H,0,,,,
2025-07-28/2025-08-03,0-4,F,0,,,,
2025-07-28/2025-08-03,0-4,H,0,,,,
2025-07-28/2025-08-03,5-17,F,1,1.0,0.0,0.0,23.11
2025-07-28/2025-08-03,5-17,H,0,,,,
2025-07-28/2025-08-03,18-29,F,2,1.0,0.5,0.0,30.15
2025-07-28/2025-08-03,18-29,H,2,1.0,0.0,0.5,31.025
2025-07-28/2025-08-03,30-44,F,2,1.0,0.0,0.5,
2025-07-28/2025-08-03,30-44,H,0,,,,
2025-07-28/2025-08-03,45-59,F,0,,,,
2025-07-28/2025-08-03,45-59,H,2,1.0,0.5,0.0,20.174999999999997
2025-07-28/2025-08-03,60+,F,0,,,,
2025-07-28/2025-08-03,60+,H,0,,,,
2025-07-28/2025-08-03,Unknown,F,0,,,,
2025-07-28/2025-08-03,Unknown,H,0,,,,
2025-08-04/2025-08-10,0-4,F,0,,,,
2025-08-04/2025-08-10,0-4,H,0,,,,
2025-08-04/2025-08-10,5-17,F,1,1.0,0.0,1.0,
2025-08-04/2025-08-10,5-17,H,0,,,,
2025-08-04/2025-08-10,18-29,F,1,1.0,1.0,0.0,
2025-08-04/2025-08-10,18-29,H,2,1.0,0.0,0.0,22.825
2025-08-04/2025-08-10,30-44,F,3,1.0,0.3333333333333333,0.3333333333333333,
2025-08-04/2025-08-10,30-44,H,3,1.0,0.3333333333333333,0.0,27.49
2025-08-04/2025-08-10,45-59,F,1,1.0,0.0,1.0,36.56
2025-08-04/2025-08-10,45-59,H,0,,,,
2025-08-04/2025-08-10,60+,F,0,,,,
2025-08-04/2025-08-10,60+,H,0,,,,
2025-08-04/2025-08-10,Unknown,F,0,,,,
2025-08-04/2025-08-10,Unknown,H,0,,,,
2025-08-11/2025-08-17,0-4,F,0,,,,
2025-08-11/2025-08-17,0-4,H,0,,,,
2025-08-11/2025-08-17,5-17,F,0,,,,
2025-08-11/2025-08-17,5-17,H,2,1.0,0.0,0.5,
2025-08-11/2025-08-17,18-29,F,2,1.0,0.0,0.0,37.35
2025-08-11/2025-08-17,18-29,H,0,,,,
2025-08-11/2025-08-17,30-44,F,2,1.0,0.5,0.0,22.38
2025-08-11/2025-08-17,30-44,H,1,1.0,1.0,0.0,
2025-08-11/2025-08-17,45-59,F,1,1.0,0.0,0.0,
2025-08-11/2025-08-17,45-59,H,1,1.0,0.0,1.0,
2025-08-11/2025-08-17,60+,F,0,,,,
2025-08-11/2025-08-17,60+,H,0,,,,
2025-08-11/2025-08-17,Unknown,F,0,,,,
2025-08-11/2025-08-17,Unknown,H,0,,,,
2025-08-18/2025-08-24,0-4,F,0,,,,
2025-08-18/2025-08-24,0-4,H,0,,,,
2025-08-18/2025-08-24,5-17,F,0,,,,
2025-08-18/2025-08-24,5-17,H,1,1.0,0.0,0.0,
2025-08-18/2025-08-24,18-29,F,4,1.0,0.25,0.25,28.84
2025-08-18/2025-08-24,18-29,H,1,1.0,0.0,0.0,29.66
2025-08-18/2025-08-24,30-44,F,0,,,,
2025-08-18/2025-08-24,30-44,H,1,1.0,0.0,0.0,
2025-08-18/2025-08-24,45-59,F,0,,,,
2025-08-18/2025-08-24,45-59,H,1,1.0,0.0,0.0,
2025-08-18/2025-08-24,60+,F,0,,,,
2025-08-18/2025-08-24,60+,H,0,,,,
2025-08-18/2025-08-24,Unknown,F,0,,,,
2025-08-18/2025-08-24,Unknown,H,0,,,,
2025-08-25/2025-08-31,0-4,F,0,,,,
2025-08-25/2025-08-31,0-4,H,0,,,,
2025-08-25/2025-08-31,5-17,F,0,,,,
2025-08-25/2025-08-31,5-17,H,1,1.0,0.0,0.0,21.18
2025-08-25/2025-08-31,18-29,F,0,,,,
2025-08-25/2025-08-31,18-29,H,1,1.0,1.0,1.0,26.13
2025-08-25/2025-08-31,30-44,F,0,,,,
2025-08-25/2025-08-31,30-44,H,1,1.0,1.0,0.0,26.13
2025-08-25/2025-08-31,45-59,F,0,,,,
2025-08-25/2025-08-31,45-59,H,0,,,,
2025-08-25/2025-08-31,60+,F,0,,,,
2025-08-25/2025-08-31,60+,H,0,,,,
2025-08-25/2025-08-31,Unknown,F,0,,,,
2025-08-25/2025-08-31,Unknown,H,0,,,,
2025-09-01/2025-09-07,0-4,F,0,,,,
2025-09-01/2025-09-07,0-4,H,0,,,,
2025-09-01/2025-09-07,5-17,F,0,,,,
2025-09-01/2025-09-07,5-17,H,0,,,,
2025-09-01/2025-09-07,18-29,F,1,1.0,0.0,0.0,27.97
2025-09-01/2025-09-07,18-29,H,2,1.0,0.0,1.0,
2025-09-01/2025-09-07,30-44,F,1,1.0,0.0,1.0,21.71
2025-09-01/2025-09-07,30-44,H,3,1.0,0.3333333333333333,0.3333333333333333,29.285
2025-09-01/2025-09-07,45-59,F,0,,,,
2025-09-01/2025-09-07,45-59,H,1,1.0,0.0,0.0,
2025-09-01/2025-09-07,60+,F,0,,,,
2025-09-01/2025-09-07,60+,H,0,,,,
2025-09-01/2025-09-07,Unknown,F,0,,,,
2025-09-01/2025-09-07,Unknown,H,0,,,,
2025-09-08/2025-09-14,0-4,F,0,,,,
2025-09-08/2025-09-14,0-4,H,0,,,,
2025-09-08/2025-09-14,5-17,F,1,1.0,0.0,0.0,
2025-09-08/2025-09-14,5-17,H,1,1.0,0.0,0.0,31.78
2025-09-08/2025-09-14,18-29,F,1,1.0,0.0,0.0,
2025-09-08/2025-09-14,18-29,H,2,1.0,0.0,0.0,26.695
2025-09-08/2025-09-14,30-44,F,2,1.0,0.5,0.0,24.975
2025-09-08/2025-09-14,30-44,H,2,1.0,0.0,0.5,25.23
2025-09-08/2025-09-14,45-59,F,1,1.0,0.0,1.0,
2025-09-08/2025-09-14,45-59,H,0,,,,
2025-09-08/2025-09-14,60+,F,0,,,,
2025-09-08/2025-09-14,60+,H,0,,,,
2025-09-08/2025-09-14,Unknown,F,0,,,,
2025-09-08/2025-09-14,Unknown,H,0,,,,
2025-09-15/2025-09-21,0-4,F,0,,,,
2025-09-15/2025-09-21,0-4,H,0,,,,
2025-09-15/2025-09-21,5-17,F,0,,,,
2025-09-15/2025-09-21,5-17,H,0,,,,
2025-09-15/2025-09-21,18-29,F,2,1.0,0.5,0.5,29.52
2025-09-15/2025-09-21,18-29,H,1,1.0,0.0,0.0,
2025-09-15/2025-09-21,30-44,F,0,,,,
2025-09-15/2025-09-21,30-44,H,2,1.0,0.0,0.5,23.74
2025-09-15/2025-09-21,45-59,F,0,,,,
2025-09-15/2025-09-21,45-59,H,0,,,,
2025-09-15/2025-09-21,60+,F,0,,,,
2025-09-15/2025-09-21,60+,H,0,,,,
2025-09-15/2025-09-21,Unknown,F,0,,,,
2025-09-15/2025-09-21,Unknown,H,0,,,,
2025-09-22/2025-09-28,0-4,F,0,,,,
2025-09-22/2025-09-28,0-4,H,0,,,,
2025-09-22/2025-09-28,5-17,F,0,,,,
2025-09-22/2025-09-28,5-17,H,1,1.0,1.0,0.0,
2025-09-22/2025-09-28,18-29,F,1,1.0,0.0,0.0,
2025-09-22/2025-09-28,18-29,H,1,1.0,0.0,0.0,24.33
2025-09-22/2025-09-28,30-44,F,0,,,,
2025-09-22/2025-09-28,30-44,H,2,1.0,0.0,0.0,26.76
2025-09-22/2025-09-28,45-59,F,0,,,,
2025-09-22/2025-09-28,45-59,H,1,1.0,1.0,0.0,28.46
2025-09-22/2025-09-28,60+,F,0,,,,
2025-09-22/2025-09-28,60+,H,0,,,,
2025-09-22/2025-09-28,Unknown,F,0,,,,
2025-09-22/2025-09-28,Unknown,H,0,,,,
2025-09-29/2025-10-05,0-4,F,0,,,,
2025-09-29/2025-10-05,0-4,H,0,,,,
2025-09-29/2025-10-05,5-17,F,0,,,,
2025-09-29/2025-10-05,5-17,H,0,,,,
2025-09-29/2025-10-05,18-29,F,2,1.0,0.0,0.0,23.765
2025-09-29/2025-10-05,18-29,H,1,1.0,0.0,0.0,21.47
2025-09-29/2025-10-05,30-44,F,4,1.0,0.0,0.5,27.57
2025-09-29/2025-10-05,30-44,H,0,,,,
2025-09-29/2025-10-05,45-59,F,1,1.0,0.0,0.0,
2025-09-29/2025-10-05,45-59,H,0,,,,
2025-09-29/2025-10-05,60+,F,0,,,,
2025-09-29/2025-10-05,60+,H,0,,,,
2025-09-29/2025-10-05,Unknown,F,0,,,,
2025-09-29/2025-10-05,Unknown,H,0,,,,
2025-10-06/2025-10-12,0-4,F,0,,,,
2025-10-06/2025-10-12,0-4,H,0,,,,
2025-10-06/2025-10-12,5-17,F,1,1.0,0.0,0.0,
2025-10-06/2025-10-12,5-17,H,1,1.0,0.0,1.0,21.89
2025-10-06/2025-10-12,18-29,F,2,1.0,0.5,0.0,28.015
2025-10-06/2025-10-12,18-29,H,4,1.0,0.5,0.0,26.45
2025-10-06/2025-10-12,30-44,F,1,1.0,0.0,0.0,
2025-10-06/2025-10-12,30-44,H,3,1.0,0.0,0.3333333333333333,16.64
2025-10-06/2025-10-12,45-59,F,0,,,,
2025-10-06/2025-10-12,45-59,H,0,,,,
2025-10-06/2025-10-12,60+,F,0,,,,
2025-10-06/2025-10-12,60+,H,0,,,,
2025-10-06/2025-10-12,Unknown,F,0,,,,
2025-10-06/2025-10-12,Unknown,H,0,,,,
2025-10-13/2025-10-19,0-4,F,0,,,,
2025-10-13/2025-10-19,0-4,H,0,,,,
2025-10-13/2025-10-19,5-17,F,0,,,,
2025-10-13/2025-10-19,5-17,H,0,,,,
2025-10-13/2025-10-19,18-29,F,2,1.0,0.0,0.5,
2025-10-13/2025-10-19,18-29,H,1,1.0,1.0,1.0,
2025-10-13/2025-10-19,30-44,F,1,1.0,0.0,0.0,
2025-10-13/2025-10-19,30-44,H,7,1.0,0.42857142857142855,0.2857142857142857,26.045
2025-10-13/2025-10-19,45-59,F,0,,,,
2025-10-13/2025-10-19,45-59,H,0,,,,
2025-10-13/2025-10-19,60+,F,0,,,,
2025-10-13/2025-10-19,60+,H,0,,,,
2025-10-13/2025-10-19,Unknown,F,0,,,,
2025-10-13/2025-10-19,Unknown,H,0,,,,
2025-10-20/2025-10-26,0-4,F,0,,,,
2025-10-20/2025-10-26,0-4,H,0,,,,
2025-10-20/2025-10-26,5-17,F,1,1.0,0.0,0.0,
2025-10-20/2025-10-26,5-17,H,1,1.0,1.0,0.0,
2025-10-20/2025-10-26,18-29,F,1,1.0,0.0,0.0,25.67
2025-10-20/2025-10-26,18-29,H,1,1.0,0.0,0.0,
2025-10-20/2025-10-26,30-44,F,1,1.0,1.0,0.0,
2025-10-20/2025-10-26,30-44,H,0,,,,
2025-10-20/2025-10-26,45-59,F,1,1.0,0.0,0.0,
2025-10-20/2025-10-26,45-59,H,0,,,,
2025-10-20/2025-10-26,60+,F,0,,,,
2025-10-20/2025-10-26,60+,H,0,,,,
2025-10-20/2025-10-26,Unknown,F,0,,,,
2025-10-20/2025-10-26,Unknown,H,0,,,,
2025-10-27/2025-11-02,0-4,F,0,,,,
2025-10-27/2025-11-02,0-4,H,0,,,,
2025-10-27/2025-11-02,5-17,F,0,,,,
2025-10-27/2025-11-02,5-17,H,1,1.0,0.0,1.0,
2025-10-27/2025-11-02,18-29,F,1,1.0,0.0,0.0,
2025-10-27/2025-11-02,18-29,H,3,1.0,0.3333333333333333,0.0,24.615
2025-10-27/2025-11-02,30-44,F,1,1.0,0.0,0.0,21.7
2025-10-27/2025-11-02,30-44,H,1,1.0,0.0,0.0,
2025-10-27/2025-11-02,45-59,F,0,,,,
2025-10-27/2025-11-02,45-59,H,1,1.0,0.0,0.0,24.07
2025-10-27/2025-11-02,60+,F,0,,,,
2025-10-27/2025-11-02,60+,H,0,,,,
2025-10-27/2025-11-02,Unknown,F,0,,,,
2025-10-27/2025-11-02,Unknown,H,0,,,,
2025-11-03/2025-11-09,0-4,F,0,,,,
2025-11-03/2025-11-09,0-4,H,0,,,,
2025-11-03/2025-11-09,5-17,F,1,1.0,0.0,0.0,28.41
2025-11-03/2025-11-09,5-17,H,0,,,,
2025-11-03/2025-11-09,18-29,F,0,,,,
2025-11-03/2025-11-09,18-29,H,0,,,,
2025-11-03/2025-11-09,30-44,F,4,1.0,0.0,0.25,18.15
2025-11-03/2025-11-09,30-44,H,1,1.0,0.0,0.0,
2025-11-03/2025-11-09,45-59,F,2,1.0,0.0,0.0,26.2
2025-11-03/2025-11-09,45-59,H,0,,,,
2025-11-03/2025-11-09,60+,F,0,,,,
2025-11-03/2025-11-09,60+,H,0,,,,
2025-11-03/2025-11-09,Unknown,F,0,,,,
2025-11-03/2025-11-09,Unknown,H,0,,,,
2025-11-10/2025-11-16,0-4,F,0,,,,
2025-11-10/2025-11-16,0-4,H,0,,,,
2025-11-10/2025-11-16,5-17,F,0,,,,
2025-11-10/2025-11-16,5-17,H,0,,,,
2025-11-10/2025-11-16,18-29,F,3,1.0,0.0,0.0,26.17
2025-11-10/2025-11-16,18-29,H,0,,,,
2025-11-10/2025-11-16,30-44,F,1,1.0,0.0,1.0,27.96
2025-11-10/2025-11-16,30-44,H,0,,,,
2025-11-10/2025-11-16,45-59,F,0,,,,
2025-11-10/2025-11-16,45-59,H,0,,,,
2025-11-10/2025-11-16,60+,F,0,,,,
2025-11-10/2025-11-16,60+,H,0,,,,
2025-11-10/2025-11-16,Unknown,F,0,,,,
2025-11-10/2025-11-16,Unknown,H,0,,,,
2025-11-17/2025-11-23,0-4,F,1,1.0,0.0,0.0,
2025-11-17/2025-11-23,0-4,H,0,,,,
2025-11-17/2025-11-23,5-17,F,1,1.0,0.0,0.0,
2025-11-17/2025-11-23,5-17,H,0,,,,
2025-11-17/2025-11-23,18-29,F,1,1.0,0.0,0.0,
2025-11-17/2025-11-23,18-29,H,0,,,,
2025-11-17/2025-11-23,30-44,F,2,1.0,0.0,0.0,25.62
2025-11-17/2025-11-23,30-44,H,5,1.0,0.4,0.4,26.965
2025-11-17/2025-11-23,45-59,F,0,,,,
2025-11-17/2025-11-23,45-59,H,0,,,,
2025-11-17/2025-11-23,60+,F,1,1.0,0.0,0.0,25.72
2025-11-17/2025-11-23,60+,H,0,,,,
2025-11-17/2025-11-23,Unknown,F,0,,,,
2025-11-17/2025-11-23,Unknown,H,0,,,,
2025-11-24/2025-11-30,0-4,F,0,,,,
2025-11-24/2025-11-30,0-4,H,0,,,,
2025-11-24/2025-11-30,5-17,F,1,1.0,0.0,0.0,29.52
2025-11-24/2025-11-30,5-17,H,0,,,,
2025-11-24/2025-11-30,18-29,F,0,,,,
2025-11-24/2025-11-30,18-29,H,1,1.0,0.0,0.0,
2025-11-24/2025-11-30,30-44,F,2,1.0,0.0,0.0,21.07
2025-11-24/2025-11-30,30-44,H,2,1.0,0.0,0.5,24.165
2025-11-24/2025-11-30,45-59,F,0,,,,
2025-11-24/2025-11-30,45-59,H,0,,,,
2025-11-24/2025-11-30,60+,F,0,,,,
2025-11-24/2025-11-30,60+,H,0,,,,
2025-11-24/2025-11-30,Unknown,F,0,,,,
2025-11-24/2025-11-30,Unknown,H,0,,,,
2025-12-01/2025-12-07,0-4,F,0,,,,
2025-12-01/2025-12-07,0-4,H,0,,,,
2025-12-01/2025-12-07,5-17,F,1,1.0,0.0,0.0,29.62
2025-12-01/2025-12-07,5-17,H,2,1.0,0.0,0.5,26.58
2025-12-01/2025-12-07,18-29,F,1,1.0,1.0,0.0,20.46
2025-12-01/2025-12-07,18-29,H,2,1.0,0.0,0.0,
2025-12-01/2025-12-07,30-44,F,2,1.0,0.5,0.0,
2025-12-01/2025-12-07,30-44,H,3,1.0,0.6666666666666666,0.3333333333333333,20.72
2025-12-01/2025-12-07,45-59,F,0,,,,
2025-12-01/2025-12-07,45-59,H,0,,,,
2025-12-01/2025-12-07,60+,F,0,,,,
2025-12-01/2025-12-07,60+,H,0,,,,
2025-12-01/2025-12-07,Unknown,F,0,,,,
2025-12-01/2025-12-07,Unknown,H,0,,,,
2025-12-08/2025-12-14,0-4,F,0,,,,
2025-12-08/2025-12-14,0-4,H,0,,,,
2025-12-08/2025-12-14,5-17,F,1,1.0,1.0,1.0,29.67
2025-12-08/2025-12-14,5-17,H,0,,,,
2025-12-08/2025-12-14,18-29,F,1,1.0,0.0,0.0,27.52
2025-12-08/2025-12-14,18-29,H,1,1.0,0.0,0.0,
2025-12-08/2025-12-14,30-44,F,1,1.0,0.0,0.0,26.77
2025-12-08/2025-12-14,30-44,H,3,1.0,0.3333333333333333,0.0,26.7
2025-12-08/2025-12-14,45-59,F,1,1.0,0.0,0.0,30.01
2025-12-08/2025-12-14,45-59,H,0,,,,
2025-12-08/2025-12-14,60+,F,0,,,,
2025-12-08/2025-12-14,60+,H,0,,,,
2025-12-08/2025-12-14,Unknown,F,0,,,,
2025-12-08/2025-12-14,Unknown,H,0,,,,
2025-12-15/2025-12-21,0-4,F,0,,,,
2025-12-15/2025-12-21,0-4,H,0,,,,
2025-12-15/2025-12-21,5-17,F,0,,,,
2025-12-15/2025-12-21,5-17,H,0,,,,
2025-12-15/2025-12-21,18-29,F,0,,,,
2025-12-15/2025-12-21,18-29,H,1,1.0,0.0,0.0,23.04
2025-12-15/2025-12-21,30-44,F,0,,,,
2025-12-15/2025-12-21,30-44,H,4,1.0,0.0,0.75,28.32
2025-12-15/2025-12-21,45-59,F,2,1.0,0.0,0.5,23.84
2025-12-15/2025-12-21,45-59,H,0,,,,
2025-12-15/2025-12-21,60+,F,0,,,,
2025-12-15/2025-12-21,60+,H,0,,,,
2025-12-15/2025-12-21,Unknown,F,0,,,,
2025-12-15/2025-12-21,Unknown,H,0,,,,
2025-12-22/2025-12-28,0-4,F,0,,,,
2025-12-22/2025-12-28,0-4,H,0,,,,
2025-12-22/2025-12-28,5-17,F,0,,,,
2025-12-22/2025-12-28,5-17,H,1,1.0,0.0,0.0,
2025-12-22/2025-12-28,18-29,F,2,1.0,0.0,0.0,21.275
2025-12-22/2025-12-28,18-29,H,0,,,,
2025-12-22/2025-12-28,30-44,F,2,1.0,0.5,0.0,22.56
2025-12-22/2025-12-28,30-44,H,1,1.0,0.0,0.0,24.48
2025-12-22/2025-12-28,45-59,F,0,,,,
2025-12-22/2025-12-28,45-59,H,1,1.0,0.0,0.0,
2025-12-22/2025-12-28,60+,F,0,,,,
2025-12-22/2025-12-28,60+,H,0,,,,
2025-12-22/2025-12-28,Unknown,F,0,,,,
2025-12-22/2025-12-28,Unknown,H,0,,,,
2025-12-29/2026-01-04,0-4,F,0,,,,
2025-12-29/2026-01-04,0-4,H,0,,,,
2025-12-29/2026-01-04,5-17,F,0,,,,
2025-12-29/2026-01-04,5-17,H,1,1.0,0.0,0.0,22.94
2025-12-29/2026-01-04,18-29,F,0,,,,
2025-12-29/2026-01-04,18-29,H,1,1.0,0.0,0.0,
2025-12-29/2026-01-04,30-44,F,1,1.0,1.0,1.0,26.38
2025-12-29/2026-01-04,30-44,H,2,1.0,0.0,0.5,32.84
2025-12-29/2026-01-04,45-59,F,0,,,,
2025-12-29/2026-01-04,45-59,H,0,,,,
2025-12-29/2026-01-04,60+,F,0,,,,
2025-12-29/2026-01-04,60+,H,0,,,,
2025-12-29/2026-01-04,Unknown,F,0,,,,
2025-12-29/2026-01-04,Unknown,H,0,,,,
2026-01-05/2026-01-11,0-4,F,0,,,,
2026-01-05/2026-01-11,0-4,H,0,,,,
2026-01-05/2026-01-11,5-17,F,0,,,,
2026-01-05/2026-01-11,5-17,H,1,1.0,0.0,0.0,
2026-01-05/2026-01-11,18-29,F,0,,,,
2026-01-05/2026-01-11,18-29,H,2,1.0,0.0,0.5,
2026-01-05/2026-01-11,30-44,F,0,,,,
2026-01-05/2026-01-11,30-44,H,0,,,,
2026-01-05/2026-01-11,45-59,F,1,1.0,0.0,0.0,
2026-01-05/2026-01-11,45-59,H,0,,,,
2026-01-05/2026-01-11,60+,F,0,,,,
2026-01-05/2026-01-11,60+,H,0,,,,
2026-01-05/2026-01-11,Unknown,F,0,,,,
2026-01-05/2026-01-11,Unknown,H,0,,,,
